"Token","Academic","NonAcademic","c","d","GStat","Association"
"lot",36,756,1139631,3504411,233.951648828145,"nonacademic"
"bit",5,392,1139662,3504775,181.088075095283,"nonacademic"
"couple",13,335,1139654,3504832,114.176518081739,"nonacademic"
"cup",1,124,1139666,3505043,60.9787888360164,"nonacademic"
"hell",0,35,1139667,3505132,19.706308560221,"nonacademic"
"load",2,53,1139665,3505114,18.2779645831775,"nonacademic"
"bottle",1,41,1139666,3505126,16.4432336856121,"nonacademic"
"glass",0,25,1139667,3505142,14.075917185193,"nonacademic"
"friend",2,40,1139665,3505127,12.0602528929196,"nonacademic"
"look",0,20,1139667,3505147,11.2607267479614,"nonacademic"
"pint",0,20,1139667,3505147,11.2607267479614,"nonacademic"
"drink",0,18,1139667,3505149,10.1346515535744,"nonacademic"
"hint",0,17,1139667,3505150,9.57161416644101,"nonacademic"
"bowl",0,16,1139667,3505151,9.00857691838792,"nonacademic"
"pair",15,97,1139652,3505070,8.55684433388553,"nonacademic"
"bag",0,14,1139667,3505153,7.88250284345201,"nonacademic"
"director",0,14,1139667,3505153,7.88250284345201,"nonacademic"
"touch",1,23,1139666,3505144,7.44602046591858,"nonacademic"
"sort",15,92,1139652,3505075,7.21518073179864,"nonacademic"
"box",0,12,1139667,3505155,6.75642932900003,"nonacademic"
"packet",0,11,1139667,3505156,6.19339278183358,"nonacademic"
"waste",1,20,1139666,3505147,6.03010639602726,"nonacademic"
"picture",7,53,1139660,3505114,6.283531746189,"nonacademic"
"tin",0,10,1139667,3505157,5.63035637374698,"nonacademic"
"gesture",0,10,1139667,3505157,5.63035637374698,"nonacademic"
"pot",0,10,1139667,3505157,5.63035637374698,"nonacademic"
"profit",0,10,1139667,3505157,5.63035637374698,"nonacademic"
"kind",26,130,1139641,3505037,5.6806349723708,"nonacademic"
"show",0,9,1139667,3505158,5.06732010656895,"nonacademic"
"vision",0,9,1139667,3505158,5.06732010656895,"nonacademic"
"pack",0,9,1139667,3505158,5.06732010656895,"nonacademic"
"tour",0,8,1139667,3505159,4.50428398002722,"nonacademic"
"week",0,8,1139667,3505159,4.50428398002722,"nonacademic"
"taste",0,8,1139667,3505159,4.50428398002722,"nonacademic"
"mug",0,8,1139667,3505159,4.50428398002722,"nonacademic"
"memory",0,8,1139667,3505159,4.50428398002722,"nonacademic"
"string",2,22,1139665,3505145,4.23873709903695,"nonacademic"
"pile",2,21,1139665,3505146,3.85362437301001,"nonacademic"
"selection",1,15,1139666,3505152,3.77423997547788,"nonacademic"
"performance",0,6,1139667,3505161,3.37821214422085,"nonacademic"
"breath",0,6,1139667,3505161,3.37821214422085,"nonacademic"
"triumph",0,6,1139667,3505161,3.37821214422085,"nonacademic"
"stream",0,6,1139667,3505161,3.37821214422085,"nonacademic"
"pound",0,6,1139667,3505161,3.37821214422085,"nonacademic"
"heap",0,6,1139667,3505161,3.37821214422085,"nonacademic"
"spot",0,6,1139667,3505161,3.37821214422085,"nonacademic"
"woman",0,6,1139667,3505161,3.37821214422085,"nonacademic"
"day",0,6,1139667,3505161,3.37821214422085,"nonacademic"
"speck",0,6,1139667,3505161,3.37821214422085,"nonacademic"
"glimmer",0,6,1139667,3505161,3.37821214422085,"nonacademic"
"roll",0,6,1139667,3505161,3.37821214422085,"nonacademic"
"video",0,6,1139667,3505161,3.37821214422085,"nonacademic"
"dish",0,6,1139667,3505161,3.37821214422085,"nonacademic"
"dozen",0,6,1139667,3505161,3.37821214422085,"nonacademic"
"line",1,14,1139666,3505153,3.34463571270672,"nonacademic"
"slice",1,14,1139666,3505153,3.34463571270672,"nonacademic"
"mouthful",0,7,1139667,3505160,3.941247992059,"nonacademic"
"pool",0,7,1139667,3505160,3.941247992059,"nonacademic"
"jump",0,7,1139667,3505160,3.941247992059,"nonacademic"
"patch",0,7,1139667,3505160,3.941247992059,"nonacademic"
"lick",0,7,1139667,3505160,3.941247992059,"nonacademic"
"child",0,7,1139667,3505160,3.941247992059,"nonacademic"
"lump",0,7,1139667,3505160,3.941247992059,"nonacademic"
"flood",0,7,1139667,3505160,3.941247992059,"nonacademic"
"gang",0,7,1139667,3505160,3.941247992059,"nonacademic"
"clutch",0,7,1139667,3505160,3.941247992059,"nonacademic"
"scrap",0,7,1139667,3505160,3.941247992059,"nonacademic"
"supply",0,5,1139667,3505162,2.81517643701879,"nonacademic"
"trail",0,5,1139667,3505162,2.81517643701879,"nonacademic"
"heck",0,5,1139667,3505162,2.81517643701879,"nonacademic"
"flurry",0,5,1139667,3505162,2.81517643701879,"nonacademic"
"sigh",0,5,1139667,3505162,2.81517643701879,"nonacademic"
"fool",0,5,1139667,3505162,2.81517643701879,"nonacademic"
"tone",0,5,1139667,3505162,2.81517643701879,"nonacademic"
"staff",0,5,1139667,3505162,2.81517643701879,"nonacademic"
"fit",0,5,1139667,3505162,2.81517643701879,"nonacademic"
"surge",0,5,1139667,3505162,2.81517643701879,"nonacademic"
"spell",0,5,1139667,3505162,2.81517643701879,"nonacademic"
"replica",0,5,1139667,3505162,2.81517643701879,"nonacademic"
"tape",0,5,1139667,3505162,2.81517643701879,"nonacademic"
"ripple",0,5,1139667,3505162,2.81517643701879,"nonacademic"
"hive",0,5,1139667,3505162,2.81517643701879,"nonacademic"
"shower",0,5,1139667,3505162,2.81517643701879,"nonacademic"
"copy",5,32,1139662,3505135,2.76088390293774,"nonacademic"
"bunch",2,18,1139665,3505149,2.75139784385569,"nonacademic"
"wave",1,12,1139666,3505155,2.51554016479599,"nonacademic"
"flicker",0,4,1139667,3505163,2.25214086916835,"nonacademic"
"shipment",0,4,1139667,3505163,2.25214086916835,"nonacademic"
"hat-trick",0,4,1139667,3505163,2.25214086916835,"nonacademic"
"bar",0,4,1139667,3505163,2.25214086916835,"nonacademic"
"puff",0,4,1139667,3505163,2.25214086916835,"nonacademic"
"photo",0,4,1139667,3505163,2.25214086916835,"nonacademic"
"pinch",0,4,1139667,3505163,2.25214086916835,"nonacademic"
"firm",0,4,1139667,3505163,2.25214086916835,"nonacademic"
"little",0,4,1139667,3505163,2.25214086916835,"nonacademic"
"barrage",0,4,1139667,3505163,2.25214086916835,"nonacademic"
"venus",0,4,1139667,3505163,2.25214086916835,"nonacademic"
"chest",0,4,1139667,3505163,2.25214086916835,"nonacademic"
"fall",0,4,1139667,3505163,2.25214086916835,"nonacademic"
"twinge",0,4,1139667,3505163,2.25214086916835,"nonacademic"
"whisker",0,4,1139667,3505163,2.25214086916835,"nonacademic"
"re-run",0,4,1139667,3505163,2.25214086916835,"nonacademic"
"bucket",0,4,1139667,3505163,2.25214086916835,"nonacademic"
"fistful",0,4,1139667,3505163,2.25214086916835,"nonacademic"
"ton",0,4,1139667,3505163,2.25214086916835,"nonacademic"
"sliver",0,4,1139667,3505163,2.25214086916835,"nonacademic"
"pail",0,4,1139667,3505163,2.25214086916835,"nonacademic"
"voice",0,4,1139667,3505163,2.25214086916835,"nonacademic"
"veteran",0,4,1139667,3505163,2.25214086916835,"nonacademic"
"haze",0,4,1139667,3505163,2.25214086916835,"nonacademic"
"cut",0,4,1139667,3505163,2.25214086916835,"nonacademic"
"final",0,4,1139667,3505163,2.25214086916835,"nonacademic"
"clump",0,4,1139667,3505163,2.25214086916835,"nonacademic"
"feeling",1,11,1139666,3505156,2.11936415362237,"nonacademic"
"whiff",1,11,1139666,3505156,2.11936415362237,"nonacademic"
"game",2,16,1139665,3505151,2.07068841783216,"nonacademic"
"crowd",2,16,1139665,3505151,2.07068841783216,"nonacademic"
"row",3,20,1139664,3505147,1.87905473228439,"nonacademic"
"drop",2,15,1139665,3505152,1.75044867893822,"nonacademic"
"flash",1,10,1139666,3505157,1.73839762823131,"nonacademic"
"burst",1,10,1139666,3505157,1.73839762823131,"nonacademic"
"corner",1,10,1139666,3505157,1.73839762823131,"nonacademic"
"hold",0,3,1139667,3505164,1.68910544168167,"nonacademic"
"pang",0,3,1139667,3505164,1.68910544168167,"nonacademic"
"message",0,3,1139667,3505164,1.68910544168167,"nonacademic"
"favourite",0,3,1139667,3505164,1.68910544168167,"nonacademic"
"diagram",0,3,1139667,3505164,1.68910544168167,"nonacademic"
"roar",0,3,1139667,3505164,1.68910544168167,"nonacademic"
"shadow",0,3,1139667,3505164,1.68910544168167,"nonacademic"
"freedom",0,3,1139667,3505164,1.68910544168167,"nonacademic"
"crate",0,3,1139667,3505164,1.68910544168167,"nonacademic"
"speed",0,3,1139667,3505164,1.68910544168167,"nonacademic"
"cry",0,3,1139667,3505164,1.68910544168167,"nonacademic"
"connoisseur",0,3,1139667,3505164,1.68910544168167,"nonacademic"
"breakdown",0,3,1139667,3505164,1.68910544168167,"nonacademic"
"round",0,3,1139667,3505164,1.68910544168167,"nonacademic"
"sprinkling",0,3,1139667,3505164,1.68910544168167,"nonacademic"
"female",0,3,1139667,3505164,1.68910544168167,"nonacademic"
"lifetime",0,3,1139667,3505164,1.68910544168167,"nonacademic"
"shred",0,3,1139667,3505164,1.68910544168167,"nonacademic"
"rush",0,3,1139667,3505164,1.68910544168167,"nonacademic"
"swirl",0,3,1139667,3505164,1.68910544168167,"nonacademic"
"confusion",0,3,1139667,3505164,1.68910544168167,"nonacademic"
"trick",0,3,1139667,3505164,1.68910544168167,"nonacademic"
"basket",0,3,1139667,3505164,1.68910544168167,"nonacademic"
"decimal",0,3,1139667,3505164,1.68910544168167,"nonacademic"
"streak",0,3,1139667,3505164,1.68910544168167,"nonacademic"
"torrent",0,3,1139667,3505164,1.68910544168167,"nonacademic"
"baby",0,3,1139667,3505164,1.68910544168167,"nonacademic"
"flick",0,3,1139667,3505164,1.68910544168167,"nonacademic"
"print",0,3,1139667,3505164,1.68910544168167,"nonacademic"
"margin",0,3,1139667,3505164,1.68910544168167,"nonacademic"
"side",0,3,1139667,3505164,1.68910544168167,"nonacademic"
"department",0,3,1139667,3505164,1.68910544168167,"nonacademic"
"service",0,3,1139667,3505164,1.68910544168167,"nonacademic"
"bid",0,3,1139667,3505164,1.68910544168167,"nonacademic"
"trickle",0,3,1139667,3505164,1.68910544168167,"nonacademic"
"freeman",0,3,1139667,3505164,1.68910544168167,"nonacademic"
"fund",0,3,1139667,3505164,1.68910544168167,"nonacademic"
"leap",0,3,1139667,3505164,1.68910544168167,"nonacademic"
"blend",0,3,1139667,3505164,1.68910544168167,"nonacademic"
"star",0,3,1139667,3505164,1.68910544168167,"nonacademic"
"mountain",0,3,1139667,3505164,1.68910544168167,"nonacademic"
"cascade",0,3,1139667,3505164,1.68910544168167,"nonacademic"
"sip",0,3,1139667,3505164,1.68910544168167,"nonacademic"
"bank",0,3,1139667,3505164,1.68910544168167,"nonacademic"
"term",0,3,1139667,3505164,1.68910544168167,"nonacademic"
"subsidiary",0,3,1139667,3505164,1.68910544168167,"nonacademic"
"doubt",0,3,1139667,3505164,1.68910544168167,"nonacademic"
"cushion",0,3,1139667,3505164,1.68910544168167,"nonacademic"
"one",0,3,1139667,3505164,1.68910544168167,"nonacademic"
"company",0,3,1139667,3505164,1.68910544168167,"nonacademic"
"bite",0,3,1139667,3505164,1.68910544168167,"nonacademic"
"scene",0,3,1139667,3505164,1.68910544168167,"nonacademic"
"volume",0,3,1139667,3505164,1.68910544168167,"nonacademic"
"splash",0,3,1139667,3505164,1.68910544168167,"nonacademic"
"squad",0,3,1139667,3505164,1.68910544168167,"nonacademic"
"snatch",0,3,1139667,3505164,1.68910544168167,"nonacademic"
"peak",0,3,1139667,3505164,1.68910544168167,"nonacademic"
"gust",0,3,1139667,3505164,1.68910544168167,"nonacademic"
"pad",0,3,1139667,3505164,1.68910544168167,"nonacademic"
"masterpiece",0,3,1139667,3505164,1.68910544168167,"nonacademic"
"high",0,3,1139667,3505164,1.68910544168167,"nonacademic"
"gaggle",0,3,1139667,3505164,1.68910544168167,"nonacademic"
"member",19,78,1139648,3505089,1.34882200433554,"nonacademic"
"glimpse",3,18,1139664,3505149,1.33986601166833,"nonacademic"
"sensation",0,2,1139667,3505165,1.12607015510307,"nonacademic"
"pocket",0,2,1139667,3505165,1.12607015510307,"nonacademic"
"stay",0,2,1139667,3505165,1.12607015510307,"nonacademic"
"train",0,2,1139667,3505165,1.12607015510307,"nonacademic"
"directory",0,2,1139667,3505165,1.12607015510307,"nonacademic"
"confidant",0,2,1139667,3505165,1.12607015510307,"nonacademic"
"delegation",0,2,1139667,3505165,1.12607015510307,"nonacademic"
"grain",0,2,1139667,3505165,1.12607015510307,"nonacademic"
"semblance",0,2,1139667,3505165,1.12607015510307,"nonacademic"
"fact",0,2,1139667,3505165,1.12607015510307,"nonacademic"
"den",0,2,1139667,3505165,1.12607015510307,"nonacademic"
"sack",0,2,1139667,3505165,1.12607015510307,"nonacademic"
"riot",0,2,1139667,3505165,1.12607015510307,"nonacademic"
"bedroom",0,2,1139667,3505165,1.12607015510307,"nonacademic"
"go",0,2,1139667,3505165,1.12607015510307,"nonacademic"
"flotilla",0,2,1139667,3505165,1.12607015510307,"nonacademic"
"flush",0,2,1139667,3505165,1.12607015510307,"nonacademic"
"division",0,2,1139667,3505165,1.12607015510307,"nonacademic"
"ward",0,2,1139667,3505165,1.12607015510307,"nonacademic"
"budget",0,2,1139667,3505165,1.12607015510307,"nonacademic"
"lead",0,2,1139667,3505165,1.12607015510307,"nonacademic"
"museum",0,2,1139667,3505165,1.12607015510307,"nonacademic"
"[unclear]",0,2,1139667,3505165,1.12607015510307,"nonacademic"
"kilo",0,2,1139667,3505165,1.12607015510307,"nonacademic"
"profusion",0,2,1139667,3505165,1.12607015510307,"nonacademic"
"mention",0,2,1139667,3505165,1.12607015510307,"nonacademic"
"carpet",0,2,1139667,3505165,1.12607015510307,"nonacademic"
"boy",0,2,1139667,3505165,1.12607015510307,"nonacademic"
"minefield",0,2,1139667,3505165,1.12607015510307,"nonacademic"
"mind",0,2,1139667,3505165,1.12607015510307,"nonacademic"
"stalwart",0,2,1139667,3505165,1.12607015510307,"nonacademic"
"blast",0,2,1139667,3505165,1.12607015510307,"nonacademic"
"dash",0,2,1139667,3505165,1.12607015510307,"nonacademic"
"rash",0,2,1139667,3505165,1.12607015510307,"nonacademic"
"cluster",0,2,1139667,3505165,1.12607015510307,"nonacademic"
"strip",0,2,1139667,3505165,1.12607015510307,"nonacademic"
"refinement",0,2,1139667,3505165,1.12607015510307,"nonacademic"
"whirl",0,2,1139667,3505165,1.12607015510307,"nonacademic"
"microcosm",0,2,1139667,3505165,1.12607015510307,"nonacademic"
"cabal",0,2,1139667,3505165,1.12607015510307,"nonacademic"
"hall",0,2,1139667,3505165,1.12607015510307,"nonacademic"
"prospect",0,2,1139667,3505165,1.12607015510307,"nonacademic"
"player",0,2,1139667,3505165,1.12607015510307,"nonacademic"
"drawer",0,2,1139667,3505165,1.12607015510307,"nonacademic"
"descendant",0,2,1139667,3505165,1.12607015510307,"nonacademic"
"consortium",0,2,1139667,3505165,1.12607015510307,"nonacademic"
"fan",0,2,1139667,3505165,1.12607015510307,"nonacademic"
"break",0,2,1139667,3505165,1.12607015510307,"nonacademic"
"haunch",0,2,1139667,3505165,1.12607015510307,"nonacademic"
"whale",0,2,1139667,3505165,1.12607015510307,"nonacademic"
"cast",0,2,1139667,3505165,1.12607015510307,"nonacademic"
"squadron",0,2,1139667,3505165,1.12607015510307,"nonacademic"
"campaign",0,2,1139667,3505165,1.12607015510307,"nonacademic"
"backlog",0,2,1139667,3505165,1.12607015510307,"nonacademic"
"well",0,2,1139667,3505165,1.12607015510307,"nonacademic"
"price",0,2,1139667,3505165,1.12607015510307,"nonacademic"
"joint",0,2,1139667,3505165,1.12607015510307,"nonacademic"
"heart",0,2,1139667,3505165,1.12607015510307,"nonacademic"
"production",0,2,1139667,3505165,1.12607015510307,"nonacademic"
"fury",0,2,1139667,3505165,1.12607015510307,"nonacademic"
"bead",0,2,1139667,3505165,1.12607015510307,"nonacademic"
"downgrading",0,2,1139667,3505165,1.12607015510307,"nonacademic"
"cloak",0,2,1139667,3505165,1.12607015510307,"nonacademic"
"feel",0,2,1139667,3505165,1.12607015510307,"nonacademic"
"diet",0,2,1139667,3505165,1.12607015510307,"nonacademic"
"scream",0,2,1139667,3505165,1.12607015510307,"nonacademic"
"round-up",0,2,1139667,3505165,1.12607015510307,"nonacademic"
"c.",0,2,1139667,3505165,1.12607015510307,"nonacademic"
"match",0,2,1139667,3505165,1.12607015510307,"nonacademic"
"prince",0,2,1139667,3505165,1.12607015510307,"nonacademic"
"barrel",0,2,1139667,3505165,1.12607015510307,"nonacademic"
"mane",0,2,1139667,3505165,1.12607015510307,"nonacademic"
"tray",0,2,1139667,3505165,1.12607015510307,"nonacademic"
"recording",0,2,1139667,3505165,1.12607015510307,"nonacademic"
"sufficiency",0,2,1139667,3505165,1.12607015510307,"nonacademic"
"proclamation",0,2,1139667,3505165,1.12607015510307,"nonacademic"
"tub",0,2,1139667,3505165,1.12607015510307,"nonacademic"
"throw",0,2,1139667,3505165,1.12607015510307,"nonacademic"
"goblet",0,2,1139667,3505165,1.12607015510307,"nonacademic"
"quartet",0,2,1139667,3505165,1.12607015510307,"nonacademic"
"precursor",0,2,1139667,3505165,1.12607015510307,"nonacademic"
"professor",0,2,1139667,3505165,1.12607015510307,"nonacademic"
"patron",0,2,1139667,3505165,1.12607015510307,"nonacademic"
"preponderance",0,2,1139667,3505165,1.12607015510307,"nonacademic"
"stoup",0,2,1139667,3505165,1.12607015510307,"nonacademic"
"gulp",0,2,1139667,3505165,1.12607015510307,"nonacademic"
"grip",0,2,1139667,3505165,1.12607015510307,"nonacademic"
"draught",0,2,1139667,3505165,1.12607015510307,"nonacademic"
"buy-out",0,2,1139667,3505165,1.12607015510307,"nonacademic"
"fellow",0,2,1139667,3505165,1.12607015510307,"nonacademic"
"second",0,2,1139667,3505165,1.12607015510307,"nonacademic"
"frenzy",0,2,1139667,3505165,1.12607015510307,"nonacademic"
"loaf",0,2,1139667,3505165,1.12607015510307,"nonacademic"
"path",0,2,1139667,3505165,1.12607015510307,"nonacademic"
"hunk",0,2,1139667,3505165,1.12607015510307,"nonacademic"
"son",0,2,1139667,3505165,1.12607015510307,"nonacademic"
"servant",0,2,1139667,3505165,1.12607015510307,"nonacademic"
"premium",0,2,1139667,3505165,1.12607015510307,"nonacademic"
"minister",0,2,1139667,3505165,1.12607015510307,"nonacademic"
"reproduction",0,2,1139667,3505165,1.12607015510307,"nonacademic"
"toss",0,2,1139667,3505165,1.12607015510307,"nonacademic"
"turn",0,2,1139667,3505165,1.12607015510307,"nonacademic"
"bout",0,2,1139667,3505165,1.12607015510307,"nonacademic"
"strengthening",0,2,1139667,3505165,1.12607015510307,"nonacademic"
"building",0,2,1139667,3505165,1.12607015510307,"nonacademic"
"reminiscence",0,2,1139667,3505165,1.12607015510307,"nonacademic"
"war",0,2,1139667,3505165,1.12607015510307,"nonacademic"
"dribble",0,2,1139667,3505165,1.12607015510307,"nonacademic"
"loan",0,2,1139667,3505165,1.12607015510307,"nonacademic"
"jug",0,2,1139667,3505165,1.12607015510307,"nonacademic"
"plateful",0,2,1139667,3505165,1.12607015510307,"nonacademic"
"conference",0,2,1139667,3505165,1.12607015510307,"nonacademic"
"tinge",0,2,1139667,3505165,1.12607015510307,"nonacademic"
"miracle",0,2,1139667,3505165,1.12607015510307,"nonacademic"
"thermos",0,2,1139667,3505165,1.12607015510307,"nonacademic"
"designer",0,2,1139667,3505165,1.12607015510307,"nonacademic"
"report",0,2,1139667,3505165,1.12607015510307,"nonacademic"
"shot",0,2,1139667,3505165,1.12607015510307,"nonacademic"
"hand",0,2,1139667,3505165,1.12607015510307,"nonacademic"
"backdrop",0,2,1139667,3505165,1.12607015510307,"nonacademic"
"rustle",0,2,1139667,3505165,1.12607015510307,"nonacademic"
"sheen",0,2,1139667,3505165,1.12607015510307,"nonacademic"
"future",0,2,1139667,3505165,1.12607015510307,"nonacademic"
"master",0,2,1139667,3505165,1.12607015510307,"nonacademic"
"dream",0,2,1139667,3505165,1.12607015510307,"nonacademic"
"portrait",0,2,1139667,3505165,1.12607015510307,"nonacademic"
"glance",0,2,1139667,3505165,1.12607015510307,"nonacademic"
"blaze",0,2,1139667,3505165,1.12607015510307,"nonacademic"
"life",1,9,1139666,3505158,1.3756964656662,"nonacademic"
"mess",1,9,1139666,3505158,1.3756964656662,"nonacademic"
"can",1,8,1139666,3505159,1.0353425107469,"nonacademic"
"cost",1,8,1139666,3505159,1.0353425107469,"nonacademic"
"display",1,8,1139666,3505159,1.0353425107469,"nonacademic"
"team",5,18,1139662,3505149,0.0998530284482144,"nonacademic"
"background",1,7,1139666,3505160,0.722962100165344,"nonacademic"
"maze",1,7,1139666,3505160,0.722962100165344,"nonacademic"
"share",1,7,1139666,3505160,0.722962100165344,"nonacademic"
"sheet",3,15,1139664,3505152,0.655439994396758,"nonacademic"
"flock",2,11,1139665,3505156,0.651065466763274,"nonacademic"
"writer",1,4,1139666,3505163,0.0581546137645276,"nonacademic"
"work",1,4,1139666,3505163,0.0581546137645276,"nonacademic"
"bed",1,4,1139666,3505163,0.0581546137645276,"nonacademic"
"representative",1,4,1139666,3505163,0.0581546137645276,"nonacademic"
"panel",1,4,1139666,3505163,0.0581546137645276,"nonacademic"
"score",1,4,1139666,3505163,0.0581546137645276,"nonacademic"
"committee",1,4,1139666,3505163,0.0581546137645276,"nonacademic"
"jumble",1,4,1139666,3505163,0.0581546137645276,"nonacademic"
"chorus",1,4,1139666,3505163,0.0581546137645276,"nonacademic"
"discount",0,1,1139667,3505166,0.563035007369756,"nonacademic"
"litany",0,1,1139667,3505166,0.563035007369756,"nonacademic"
"helping",0,1,1139667,3505166,0.563035007369756,"nonacademic"
"phalanx",0,1,1139667,3505166,0.563035007369756,"nonacademic"
"counterpane",0,1,1139667,3505166,0.563035007369756,"nonacademic"
"mission",0,1,1139667,3505166,0.563035007369756,"nonacademic"
"government",0,1,1139667,3505166,0.563035007369756,"nonacademic"
"pall",0,1,1139667,3505166,0.563035007369756,"nonacademic"
"manner",0,1,1139667,3505166,0.563035007369756,"nonacademic"
"plague",0,1,1139667,3505166,0.563035007369756,"nonacademic"
"coachload",0,1,1139667,3505166,0.563035007369756,"nonacademic"
"frame",0,1,1139667,3505166,0.563035007369756,"nonacademic"
"cacophony",0,1,1139667,3505166,0.563035007369756,"nonacademic"
"weight",0,1,1139667,3505166,0.563035007369756,"nonacademic"
"think",0,1,1139667,3505166,0.563035007369756,"nonacademic"
"winter",0,1,1139667,3505166,0.563035007369756,"nonacademic"
"dress",0,1,1139667,3505166,0.563035007369756,"nonacademic"
"half-life",0,1,1139667,3505166,0.563035007369756,"nonacademic"
"nip",0,1,1139667,3505166,0.563035007369756,"nonacademic"
"short-list",0,1,1139667,3505166,0.563035007369756,"nonacademic"
"canister",0,1,1139667,3505166,0.563035007369756,"nonacademic"
"vestige",0,1,1139667,3505166,0.563035007369756,"nonacademic"
"gourd",0,1,1139667,3505166,0.563035007369756,"nonacademic"
"ritual",0,1,1139667,3505166,0.563035007369756,"nonacademic"
"radiance",0,1,1139667,3505166,0.563035007369756,"nonacademic"
"filtration",0,1,1139667,3505166,0.563035007369756,"nonacademic"
"penumbra",0,1,1139667,3505166,0.563035007369756,"nonacademic"
"ballad",0,1,1139667,3505166,0.563035007369756,"nonacademic"
"marketer",0,1,1139667,3505166,0.563035007369756,"nonacademic"
"mish-mash",0,1,1139667,3505166,0.563035007369756,"nonacademic"
"vindication",0,1,1139667,3505166,0.563035007369756,"nonacademic"
"glimmering",0,1,1139667,3505166,0.563035007369756,"nonacademic"
"side-effect",0,1,1139667,3505166,0.563035007369756,"nonacademic"
"tower",0,1,1139667,3505166,0.563035007369756,"nonacademic"
"hinterland",0,1,1139667,3505166,0.563035007369756,"nonacademic"
"shelf",0,1,1139667,3505166,0.563035007369756,"nonacademic"
"town",0,1,1139667,3505166,0.563035007369756,"nonacademic"
"flourish",0,1,1139667,3505166,0.563035007369756,"nonacademic"
"defilement",0,1,1139667,3505166,0.563035007369756,"nonacademic"
"ferry",0,1,1139667,3505166,0.563035007369756,"nonacademic"
"fold",0,1,1139667,3505166,0.563035007369756,"nonacademic"
"symposium",0,1,1139667,3505166,0.563035007369756,"nonacademic"
"galleon",0,1,1139667,3505166,0.563035007369756,"nonacademic"
"re-trial",0,1,1139667,3505166,0.563035007369756,"nonacademic"
"jar",0,1,1139667,3505166,0.563035007369756,"nonacademic"
"renewal",0,1,1139667,3505166,0.563035007369756,"nonacademic"
"half-pint",0,1,1139667,3505166,0.563035007369756,"nonacademic"
"founder",0,1,1139667,3505166,0.563035007369756,"nonacademic"
"swath",0,1,1139667,3505166,0.563035007369756,"nonacademic"
"retrospective",0,1,1139667,3505166,0.563035007369756,"nonacademic"
"tug",0,1,1139667,3505166,0.563035007369756,"nonacademic"
"buzz",0,1,1139667,3505166,0.563035007369756,"nonacademic"
"tankard",0,1,1139667,3505166,0.563035007369756,"nonacademic"
"mathematics",0,1,1139667,3505166,0.563035007369756,"nonacademic"
"supermarket",0,1,1139667,3505166,0.563035007369756,"nonacademic"
"tip",0,1,1139667,3505166,0.563035007369756,"nonacademic"
"transport",0,1,1139667,3505166,0.563035007369756,"nonacademic"
"wheel",0,1,1139667,3505166,0.563035007369756,"nonacademic"
"neglect",0,1,1139667,3505166,0.563035007369756,"nonacademic"
"cunning",0,1,1139667,3505166,0.563035007369756,"nonacademic"
"reconstruction",0,1,1139667,3505166,0.563035007369756,"nonacademic"
"boycott",0,1,1139667,3505166,0.563035007369756,"nonacademic"
"70pc",0,1,1139667,3505166,0.563035007369756,"nonacademic"
"lord",0,1,1139667,3505166,0.563035007369756,"nonacademic"
"reward",0,1,1139667,3505166,0.563035007369756,"nonacademic"
"swathe",0,1,1139667,3505166,0.563035007369756,"nonacademic"
"fever",0,1,1139667,3505166,0.563035007369756,"nonacademic"
"debt",0,1,1139667,3505166,0.563035007369756,"nonacademic"
"shore",0,1,1139667,3505166,0.563035007369756,"nonacademic"
"longstop",0,1,1139667,3505166,0.563035007369756,"nonacademic"
"ghost",0,1,1139667,3505166,0.563035007369756,"nonacademic"
"regrouping",0,1,1139667,3505166,0.563035007369756,"nonacademic"
"compound",0,1,1139667,3505166,0.563035007369756,"nonacademic"
"champion",0,1,1139667,3505166,0.563035007369756,"nonacademic"
"hope",0,1,1139667,3505166,0.563035007369756,"nonacademic"
"beacon",0,1,1139667,3505166,0.563035007369756,"nonacademic"
"slide-show",0,1,1139667,3505166,0.563035007369756,"nonacademic"
"horse",0,1,1139667,3505166,0.563035007369756,"nonacademic"
"face",0,1,1139667,3505166,0.563035007369756,"nonacademic"
"half-sheet",0,1,1139667,3505166,0.563035007369756,"nonacademic"
"rest",0,1,1139667,3505166,0.563035007369756,"nonacademic"
"scholar",0,1,1139667,3505166,0.563035007369756,"nonacademic"
"donation",0,1,1139667,3505166,0.563035007369756,"nonacademic"
"constriction",0,1,1139667,3505166,0.563035007369756,"nonacademic"
"merger",0,1,1139667,3505166,0.563035007369756,"nonacademic"
"cross",0,1,1139667,3505166,0.563035007369756,"nonacademic"
"recovery",0,1,1139667,3505166,0.563035007369756,"nonacademic"
"splatter",0,1,1139667,3505166,0.563035007369756,"nonacademic"
"readership",0,1,1139667,3505166,0.563035007369756,"nonacademic"
"bun",0,1,1139667,3505166,0.563035007369756,"nonacademic"
"giggle",0,1,1139667,3505166,0.563035007369756,"nonacademic"
"cover",0,1,1139667,3505166,0.563035007369756,"nonacademic"
"vapeur",0,1,1139667,3505166,0.563035007369756,"nonacademic"
"pouch",0,1,1139667,3505166,0.563035007369756,"nonacademic"
"mural",0,1,1139667,3505166,0.563035007369756,"nonacademic"
"tax",0,1,1139667,3505166,0.563035007369756,"nonacademic"
"bristle",0,1,1139667,3505166,0.563035007369756,"nonacademic"
"prayer",0,1,1139667,3505166,0.563035007369756,"nonacademic"
"bone",0,1,1139667,3505166,0.563035007369756,"nonacademic"
"trough",0,1,1139667,3505166,0.563035007369756,"nonacademic"
"instead",0,1,1139667,3505166,0.563035007369756,"nonacademic"
"salvo",0,1,1139667,3505166,0.563035007369756,"nonacademic"
"revaluation",0,1,1139667,3505166,0.563035007369756,"nonacademic"
"tirade",0,1,1139667,3505166,0.563035007369756,"nonacademic"
"refund",0,1,1139667,3505166,0.563035007369756,"nonacademic"
"concoction",0,1,1139667,3505166,0.563035007369756,"nonacademic"
"scent",0,1,1139667,3505166,0.563035007369756,"nonacademic"
"niche",0,1,1139667,3505166,0.563035007369756,"nonacademic"
"yell",0,1,1139667,3505166,0.563035007369756,"nonacademic"
"remake",0,1,1139667,3505166,0.563035007369756,"nonacademic"
"smile",0,1,1139667,3505166,0.563035007369756,"nonacademic"
"sister-in-law",0,1,1139667,3505166,0.563035007369756,"nonacademic"
"thrashing",0,1,1139667,3505166,0.563035007369756,"nonacademic"
"kinda",0,1,1139667,3505166,0.563035007369756,"nonacademic"
"boatload",0,1,1139667,3505166,0.563035007369756,"nonacademic"
"figurine",0,1,1139667,3505166,0.563035007369756,"nonacademic"
"monogram",0,1,1139667,3505166,0.563035007369756,"nonacademic"
"fib",0,1,1139667,3505166,0.563035007369756,"nonacademic"
"cupful",0,1,1139667,3505166,0.563035007369756,"nonacademic"
"settlement",0,1,1139667,3505166,0.563035007369756,"nonacademic"
"nickname",0,1,1139667,3505166,0.563035007369756,"nonacademic"
"knob",0,1,1139667,3505166,0.563035007369756,"nonacademic"
"basin",0,1,1139667,3505166,0.563035007369756,"nonacademic"
"container",0,1,1139667,3505166,0.563035007369756,"nonacademic"
"virion",0,1,1139667,3505166,0.563035007369756,"nonacademic"
"supplication",0,1,1139667,3505166,0.563035007369756,"nonacademic"
"suit",0,1,1139667,3505166,0.563035007369756,"nonacademic"
"graduate",0,1,1139667,3505166,0.563035007369756,"nonacademic"
"disease",0,1,1139667,3505166,0.563035007369756,"nonacademic"
"renaissance",0,1,1139667,3505166,0.563035007369756,"nonacademic"
"saga",0,1,1139667,3505166,0.563035007369756,"nonacademic"
"classic",0,1,1139667,3505166,0.563035007369756,"nonacademic"
"mumber",0,1,1139667,3505166,0.563035007369756,"nonacademic"
"mushroom",0,1,1139667,3505166,0.563035007369756,"nonacademic"
"gathering",0,1,1139667,3505166,0.563035007369756,"nonacademic"
"summer",0,1,1139667,3505166,0.563035007369756,"nonacademic"
"premonition",0,1,1139667,3505166,0.563035007369756,"nonacademic"
"dozens",0,1,1139667,3505166,0.563035007369756,"nonacademic"
"wind",0,1,1139667,3505166,0.563035007369756,"nonacademic"
"wake",0,1,1139667,3505166,0.563035007369756,"nonacademic"
"groove",0,1,1139667,3505166,0.563035007369756,"nonacademic"
"nominee",0,1,1139667,3505166,0.563035007369756,"nonacademic"
"fuss",0,1,1139667,3505166,0.563035007369756,"nonacademic"
"conjunction",0,1,1139667,3505166,0.563035007369756,"nonacademic"
"justice",0,1,1139667,3505166,0.563035007369756,"nonacademic"
"trapeze",0,1,1139667,3505166,0.563035007369756,"nonacademic"
"spread",0,1,1139667,3505166,0.563035007369756,"nonacademic"
"scourge",0,1,1139667,3505166,0.563035007369756,"nonacademic"
"slayer",0,1,1139667,3505166,0.563035007369756,"nonacademic"
"wolfpack",0,1,1139667,3505166,0.563035007369756,"nonacademic"
"badge",0,1,1139667,3505166,0.563035007369756,"nonacademic"
"confection",0,1,1139667,3505166,0.563035007369756,"nonacademic"
"deadline",0,1,1139667,3505166,0.563035007369756,"nonacademic"
"father",0,1,1139667,3505166,0.563035007369756,"nonacademic"
"repayment",0,1,1139667,3505166,0.563035007369756,"nonacademic"
"thoroughbred",0,1,1139667,3505166,0.563035007369756,"nonacademic"
"rebuttal",0,1,1139667,3505166,0.563035007369756,"nonacademic"
"rent",0,1,1139667,3505166,0.563035007369756,"nonacademic"
"university",0,1,1139667,3505166,0.563035007369756,"nonacademic"
"battery",0,1,1139667,3505166,0.563035007369756,"nonacademic"
"fraud",0,1,1139667,3505166,0.563035007369756,"nonacademic"
"recall",0,1,1139667,3505166,0.563035007369756,"nonacademic"
"sauce",0,1,1139667,3505166,0.563035007369756,"nonacademic"
"segment",0,1,1139667,3505166,0.563035007369756,"nonacademic"
"blanket",0,1,1139667,3505166,0.563035007369756,"nonacademic"
"ponytail",0,1,1139667,3505166,0.563035007369756,"nonacademic"
"chapter",0,1,1139667,3505166,0.563035007369756,"nonacademic"
"reversal",0,1,1139667,3505166,0.563035007369756,"nonacademic"
"read",0,1,1139667,3505166,0.563035007369756,"nonacademic"
"skin",0,1,1139667,3505166,0.563035007369756,"nonacademic"
"salary",0,1,1139667,3505166,0.563035007369756,"nonacademic"
"spoonful",0,1,1139667,3505166,0.563035007369756,"nonacademic"
"pride",0,1,1139667,3505166,0.563035007369756,"nonacademic"
"knot",0,1,1139667,3505166,0.563035007369756,"nonacademic"
"tremor",0,1,1139667,3505166,0.563035007369756,"nonacademic"
"clearing",0,1,1139667,3505166,0.563035007369756,"nonacademic"
"rim",0,1,1139667,3505166,0.563035007369756,"nonacademic"
"stem",0,1,1139667,3505166,0.563035007369756,"nonacademic"
"spark",0,1,1139667,3505166,0.563035007369756,"nonacademic"
"brand",0,1,1139667,3505166,0.563035007369756,"nonacademic"
"chieftain",0,1,1139667,3505166,0.563035007369756,"nonacademic"
"soaking",0,1,1139667,3505166,0.563035007369756,"nonacademic"
"lap",0,1,1139667,3505166,0.563035007369756,"nonacademic"
"haven",0,1,1139667,3505166,0.563035007369756,"nonacademic"
"dividend",0,1,1139667,3505166,0.563035007369756,"nonacademic"
"rail",0,1,1139667,3505166,0.563035007369756,"nonacademic"
"throng",0,1,1139667,3505166,0.563035007369756,"nonacademic"
"contemporary",0,1,1139667,3505166,0.563035007369756,"nonacademic"
"partnership",0,1,1139667,3505166,0.563035007369756,"nonacademic"
"rehearsal",0,1,1139667,3505166,0.563035007369756,"nonacademic"
"paradise",0,1,1139667,3505166,0.563035007369756,"nonacademic"
"team-mate",0,1,1139667,3505166,0.563035007369756,"nonacademic"
"seed",0,1,1139667,3505166,0.563035007369756,"nonacademic"
"jack",0,1,1139667,3505166,0.563035007369756,"nonacademic"
"whirlwind",0,1,1139667,3505166,0.563035007369756,"nonacademic"
"menu",0,1,1139667,3505166,0.563035007369756,"nonacademic"
"smear",0,1,1139667,3505166,0.563035007369756,"nonacademic"
"deity",0,1,1139667,3505166,0.563035007369756,"nonacademic"
"bedrock",0,1,1139667,3505166,0.563035007369756,"nonacademic"
"filling",0,1,1139667,3505166,0.563035007369756,"nonacademic"
"speciality",0,1,1139667,3505166,0.563035007369756,"nonacademic"
"pramful",0,1,1139667,3505166,0.563035007369756,"nonacademic"
"certain",0,1,1139667,3505166,0.563035007369756,"nonacademic"
"mockery",0,1,1139667,3505166,0.563035007369756,"nonacademic"
"base",0,1,1139667,3505166,0.563035007369756,"nonacademic"
"fountain",0,1,1139667,3505166,0.563035007369756,"nonacademic"
"boxful",0,1,1139667,3505166,0.563035007369756,"nonacademic"
"cesspool",0,1,1139667,3505166,0.563035007369756,"nonacademic"
"niece",0,1,1139667,3505166,0.563035007369756,"nonacademic"
"realm",0,1,1139667,3505166,0.563035007369756,"nonacademic"
"prisoners",0,1,1139667,3505166,0.563035007369756,"nonacademic"
"breadth",0,1,1139667,3505166,0.563035007369756,"nonacademic"
"fare",0,1,1139667,3505166,0.563035007369756,"nonacademic"
"conflagration",0,1,1139667,3505166,0.563035007369756,"nonacademic"
"treatment",0,1,1139667,3505166,0.563035007369756,"nonacademic"
"bust",0,1,1139667,3505166,0.563035007369756,"nonacademic"
"pose",0,1,1139667,3505166,0.563035007369756,"nonacademic"
"highlight",0,1,1139667,3505166,0.563035007369756,"nonacademic"
"tridsnap",0,1,1139667,3505166,0.563035007369756,"nonacademic"
"blade",0,1,1139667,3505166,0.563035007369756,"nonacademic"
"sixth",0,1,1139667,3505166,0.563035007369756,"nonacademic"
"strand",0,1,1139667,3505166,0.563035007369756,"nonacademic"
"terrain",0,1,1139667,3505166,0.563035007369756,"nonacademic"
"minute",0,1,1139667,3505166,0.563035007369756,"nonacademic"
"time-scale",0,1,1139667,3505166,0.563035007369756,"nonacademic"
"cabinet",0,1,1139667,3505166,0.563035007369756,"nonacademic"
"deputy",0,1,1139667,3505166,0.563035007369756,"nonacademic"
"galaxy",0,1,1139667,3505166,0.563035007369756,"nonacademic"
"lintel",0,1,1139667,3505166,0.563035007369756,"nonacademic"
"vessel",0,1,1139667,3505166,0.563035007369756,"nonacademic"
"miasma",0,1,1139667,3505166,0.563035007369756,"nonacademic"
"grid",0,1,1139667,3505166,0.563035007369756,"nonacademic"
"qualm",0,1,1139667,3505166,0.563035007369756,"nonacademic"
"flotsam",0,1,1139667,3505166,0.563035007369756,"nonacademic"
"play",0,1,1139667,3505166,0.563035007369756,"nonacademic"
"god",0,1,1139667,3505166,0.563035007369756,"nonacademic"
"long",0,1,1139667,3505166,0.563035007369756,"nonacademic"
"size",0,1,1139667,3505166,0.563035007369756,"nonacademic"
"ledge",0,1,1139667,3505166,0.563035007369756,"nonacademic"
"collar",0,1,1139667,3505166,0.563035007369756,"nonacademic"
"north",0,1,1139667,3505166,0.563035007369756,"nonacademic"
"wig",0,1,1139667,3505166,0.563035007369756,"nonacademic"
"bellow",0,1,1139667,3505166,0.563035007369756,"nonacademic"
"hymn",0,1,1139667,3505166,0.563035007369756,"nonacademic"
"projectile",0,1,1139667,3505166,0.563035007369756,"nonacademic"
"beast",0,1,1139667,3505166,0.563035007369756,"nonacademic"
"constituent",0,1,1139667,3505166,0.563035007369756,"nonacademic"
"strength",0,1,1139667,3505166,0.563035007369756,"nonacademic"
"creak",0,1,1139667,3505166,0.563035007369756,"nonacademic"
"rematch",0,1,1139667,3505166,0.563035007369756,"nonacademic"
"soundtrack",0,1,1139667,3505166,0.563035007369756,"nonacademic"
"weekend",0,1,1139667,3505166,0.563035007369756,"nonacademic"
"refill",0,1,1139667,3505166,0.563035007369756,"nonacademic"
"some",0,1,1139667,3505166,0.563035007369756,"nonacademic"
"wreck",0,1,1139667,3505166,0.563035007369756,"nonacademic"
"tournament",0,1,1139667,3505166,0.563035007369756,"nonacademic"
"pension",0,1,1139667,3505166,0.563035007369756,"nonacademic"
"preview",0,1,1139667,3505166,0.563035007369756,"nonacademic"
"front",0,1,1139667,3505166,0.563035007369756,"nonacademic"
"labyrinth",0,1,1139667,3505166,0.563035007369756,"nonacademic"
"yield",0,1,1139667,3505166,0.563035007369756,"nonacademic"
"micro-layer",0,1,1139667,3505166,0.563035007369756,"nonacademic"
"straggle",0,1,1139667,3505166,0.563035007369756,"nonacademic"
"fleet",0,1,1139667,3505166,0.563035007369756,"nonacademic"
"fine",0,1,1139667,3505166,0.563035007369756,"nonacademic"
"spurt",0,1,1139667,3505166,0.563035007369756,"nonacademic"
"head-dress",0,1,1139667,3505166,0.563035007369756,"nonacademic"
"divi",0,1,1139667,3505166,0.563035007369756,"nonacademic"
"refinancing",0,1,1139667,3505166,0.563035007369756,"nonacademic"
"carousel",0,1,1139667,3505166,0.563035007369756,"nonacademic"
"shelter",0,1,1139667,3505166,0.563035007369756,"nonacademic"
"scoop",0,1,1139667,3505166,0.563035007369756,"nonacademic"
"seething",0,1,1139667,3505166,0.563035007369756,"nonacademic"
"sight",0,1,1139667,3505166,0.563035007369756,"nonacademic"
"dance",0,1,1139667,3505166,0.563035007369756,"nonacademic"
"purveyor",0,1,1139667,3505166,0.563035007369756,"nonacademic"
"consensus",0,1,1139667,3505166,0.563035007369756,"nonacademic"
"salad",0,1,1139667,3505166,0.563035007369756,"nonacademic"
"winner",0,1,1139667,3505166,0.563035007369756,"nonacademic"
"spider-web",0,1,1139667,3505166,0.563035007369756,"nonacademic"
"crumb",0,1,1139667,3505166,0.563035007369756,"nonacademic"
"cavalcade",0,1,1139667,3505166,0.563035007369756,"nonacademic"
"bugger",0,1,1139667,3505166,0.563035007369756,"nonacademic"
"mother",0,1,1139667,3505166,0.563035007369756,"nonacademic"
"lapse",0,1,1139667,3505166,0.563035007369756,"nonacademic"
"defender",0,1,1139667,3505166,0.563035007369756,"nonacademic"
"pan",0,1,1139667,3505166,0.563035007369756,"nonacademic"
"gill",0,1,1139667,3505166,0.563035007369756,"nonacademic"
"thousand",0,1,1139667,3505166,0.563035007369756,"nonacademic"
"boost",0,1,1139667,3505166,0.563035007369756,"nonacademic"
"reawakening",0,1,1139667,3505166,0.563035007369756,"nonacademic"
"tautening",0,1,1139667,3505166,0.563035007369756,"nonacademic"
"savouring",0,1,1139667,3505166,0.563035007369756,"nonacademic"
"tang",0,1,1139667,3505166,0.563035007369756,"nonacademic"
"queue",0,1,1139667,3505166,0.563035007369756,"nonacademic"
"labour",0,1,1139667,3505166,0.563035007369756,"nonacademic"
"cross-section",0,1,1139667,3505166,0.563035007369756,"nonacademic"
"waft",0,1,1139667,3505166,0.563035007369756,"nonacademic"
"surrender",0,1,1139667,3505166,0.563035007369756,"nonacademic"
"restoration",0,1,1139667,3505166,0.563035007369756,"nonacademic"
"cape",0,1,1139667,3505166,0.563035007369756,"nonacademic"
"cult",0,1,1139667,3505166,0.563035007369756,"nonacademic"
"pocketful",0,1,1139667,3505166,0.563035007369756,"nonacademic"
"trait",0,1,1139667,3505166,0.563035007369756,"nonacademic"
"smack",0,1,1139667,3505166,0.563035007369756,"nonacademic"
"pigeon",0,1,1139667,3505166,0.563035007369756,"nonacademic"
"visor",0,1,1139667,3505166,0.563035007369756,"nonacademic"
"thicket",0,1,1139667,3505166,0.563035007369756,"nonacademic"
"storyboard",0,1,1139667,3505166,0.563035007369756,"nonacademic"
"divergence",0,1,1139667,3505166,0.563035007369756,"nonacademic"
"kiss",0,1,1139667,3505166,0.563035007369756,"nonacademic"
"procession",0,1,1139667,3505166,0.563035007369756,"nonacademic"
"jury",0,1,1139667,3505166,0.563035007369756,"nonacademic"
"bastion",0,1,1139667,3505166,0.563035007369756,"nonacademic"
"slip",0,1,1139667,3505166,0.563035007369756,"nonacademic"
"suppression",0,1,1139667,3505166,0.563035007369756,"nonacademic"
"weft",0,1,1139667,3505166,0.563035007369756,"nonacademic"
"feast",0,1,1139667,3505166,0.563035007369756,"nonacademic"
"litre",0,1,1139667,3505166,0.563035007369756,"nonacademic"
"purse",0,1,1139667,3505166,0.563035007369756,"nonacademic"
"slew",0,1,1139667,3505166,0.563035007369756,"nonacademic"
"saviour",0,1,1139667,3505166,0.563035007369756,"nonacademic"
"scrawl",0,1,1139667,3505166,0.563035007369756,"nonacademic"
"smattering",0,1,1139667,3505166,0.563035007369756,"nonacademic"
"palace",0,1,1139667,3505166,0.563035007369756,"nonacademic"
"scintilla",0,1,1139667,3505166,0.563035007369756,"nonacademic"
"midget",0,1,1139667,3505166,0.563035007369756,"nonacademic"
"start",0,1,1139667,3505166,0.563035007369756,"nonacademic"
"recital",0,1,1139667,3505166,0.563035007369756,"nonacademic"
"psychiatrist",0,1,1139667,3505166,0.563035007369756,"nonacademic"
"keystone",0,1,1139667,3505166,0.563035007369756,"nonacademic"
"whoop",0,1,1139667,3505166,0.563035007369756,"nonacademic"
"pile-up",0,1,1139667,3505166,0.563035007369756,"nonacademic"
"finger",0,1,1139667,3505166,0.563035007369756,"nonacademic"
"cut-off",0,1,1139667,3505166,0.563035007369756,"nonacademic"
"shortfall",0,1,1139667,3505166,0.563035007369756,"nonacademic"
"veil",0,1,1139667,3505166,0.563035007369756,"nonacademic"
"ninth",0,1,1139667,3505166,0.563035007369756,"nonacademic"
"prong",0,1,1139667,3505166,0.563035007369756,"nonacademic"
"cousin",0,1,1139667,3505166,0.563035007369756,"nonacademic"
"suitcase",0,1,1139667,3505166,0.563035007369756,"nonacademic"
"story",0,1,1139667,3505166,0.563035007369756,"nonacademic"
"composer",0,1,1139667,3505166,0.563035007369756,"nonacademic"
"mack",0,1,1139667,3505166,0.563035007369756,"nonacademic"
"crystallization",0,1,1139667,3505166,0.563035007369756,"nonacademic"
"closetload",0,1,1139667,3505166,0.563035007369756,"nonacademic"
"quirk",0,1,1139667,3505166,0.563035007369756,"nonacademic"
"ft-se",0,1,1139667,3505166,0.563035007369756,"nonacademic"
"dab",0,1,1139667,3505166,0.563035007369756,"nonacademic"
"mosaic",0,1,1139667,3505166,0.563035007369756,"nonacademic"
"fret",0,1,1139667,3505166,0.563035007369756,"nonacademic"
"blob",0,1,1139667,3505166,0.563035007369756,"nonacademic"
"laugh",0,1,1139667,3505166,0.563035007369756,"nonacademic"
"baker",0,1,1139667,3505166,0.563035007369756,"nonacademic"
"co-founder",0,1,1139667,3505166,0.563035007369756,"nonacademic"
"screeching",0,1,1139667,3505166,0.563035007369756,"nonacademic"
"feat",0,1,1139667,3505166,0.563035007369756,"nonacademic"
"judge",0,1,1139667,3505166,0.563035007369756,"nonacademic"
"recurrence",0,1,1139667,3505166,0.563035007369756,"nonacademic"
"grey",0,1,1139667,3505166,0.563035007369756,"nonacademic"
"lady",0,1,1139667,3505166,0.563035007369756,"nonacademic"
"retread",0,1,1139667,3505166,0.563035007369756,"nonacademic"
"colour",0,1,1139667,3505166,0.563035007369756,"nonacademic"
"chronicle",0,1,1139667,3505166,0.563035007369756,"nonacademic"
"stick",0,1,1139667,3505166,0.563035007369756,"nonacademic"
"saucer",0,1,1139667,3505166,0.563035007369756,"nonacademic"
"drum",0,1,1139667,3505166,0.563035007369756,"nonacademic"
"slump",0,1,1139667,3505166,0.563035007369756,"nonacademic"
"perception",0,1,1139667,3505166,0.563035007369756,"nonacademic"
"bomb-burst",0,1,1139667,3505166,0.563035007369756,"nonacademic"
"reticulation",0,1,1139667,3505166,0.563035007369756,"nonacademic"
"coat",0,1,1139667,3505166,0.563035007369756,"nonacademic"
"herd",0,1,1139667,3505166,0.563035007369756,"nonacademic"
"porridge",0,1,1139667,3505166,0.563035007369756,"nonacademic"
"prize",0,1,1139667,3505166,0.563035007369756,"nonacademic"
"frisson",0,1,1139667,3505166,0.563035007369756,"nonacademic"
"native",0,1,1139667,3505166,0.563035007369756,"nonacademic"
"bonfire",0,1,1139667,3505166,0.563035007369756,"nonacademic"
"mite",0,1,1139667,3505166,0.563035007369756,"nonacademic"
"snowstorm",0,1,1139667,3505166,0.563035007369756,"nonacademic"
"carving",0,1,1139667,3505166,0.563035007369756,"nonacademic"
"painting",0,1,1139667,3505166,0.563035007369756,"nonacademic"
"residue",0,1,1139667,3505166,0.563035007369756,"nonacademic"
"dive",0,1,1139667,3505166,0.563035007369756,"nonacademic"
"lorry-load",0,1,1139667,3505166,0.563035007369756,"nonacademic"
"wadge",0,1,1139667,3505166,0.563035007369756,"nonacademic"
"skirt",0,1,1139667,3505166,0.563035007369756,"nonacademic"
"stab",0,1,1139667,3505166,0.563035007369756,"nonacademic"
"harvest",0,1,1139667,3505166,0.563035007369756,"nonacademic"
"shock",0,1,1139667,3505166,0.563035007369756,"nonacademic"
"pane",0,1,1139667,3505166,0.563035007369756,"nonacademic"
"penny",0,1,1139667,3505166,0.563035007369756,"nonacademic"
"devil",0,1,1139667,3505166,0.563035007369756,"nonacademic"
"quasi-saint",0,1,1139667,3505166,0.563035007369756,"nonacademic"
"spasm",0,1,1139667,3505166,0.563035007369756,"nonacademic"
"sale",0,1,1139667,3505166,0.563035007369756,"nonacademic"
"malady",0,1,1139667,3505166,0.563035007369756,"nonacademic"
"nation",0,1,1139667,3505166,0.563035007369756,"nonacademic"
"curse",0,1,1139667,3505166,0.563035007369756,"nonacademic"
"lessee",0,1,1139667,3505166,0.563035007369756,"nonacademic"
"church",0,1,1139667,3505166,0.563035007369756,"nonacademic"
"hoot",0,1,1139667,3505166,0.563035007369756,"nonacademic"
"plank",0,1,1139667,3505166,0.563035007369756,"nonacademic"
"pub",0,1,1139667,3505166,0.563035007369756,"nonacademic"
"grove",0,1,1139667,3505166,0.563035007369756,"nonacademic"
"spraying",0,1,1139667,3505166,0.563035007369756,"nonacademic"
"sin",0,1,1139667,3505166,0.563035007369756,"nonacademic"
"guess",0,1,1139667,3505166,0.563035007369756,"nonacademic"
"phrase",0,1,1139667,3505166,0.563035007369756,"nonacademic"
"tale",0,1,1139667,3505166,0.563035007369756,"nonacademic"
"squirt",0,1,1139667,3505166,0.563035007369756,"nonacademic"
"shard",0,1,1139667,3505166,0.563035007369756,"nonacademic"
"stint",0,1,1139667,3505166,0.563035007369756,"nonacademic"
"puddle",0,1,1139667,3505166,0.563035007369756,"nonacademic"
"grandeur",0,1,1139667,3505166,0.563035007369756,"nonacademic"
"pipe",0,1,1139667,3505166,0.563035007369756,"nonacademic"
"flagon",0,1,1139667,3505166,0.563035007369756,"nonacademic"
"target",0,1,1139667,3505166,0.563035007369756,"nonacademic"
"pit",0,1,1139667,3505166,0.563035007369756,"nonacademic"
"weapon",0,1,1139667,3505166,0.563035007369756,"nonacademic"
"twist",0,1,1139667,3505166,0.563035007369756,"nonacademic"
"daughter",0,1,1139667,3505166,0.563035007369756,"nonacademic"
"stroke",0,1,1139667,3505166,0.563035007369756,"nonacademic"
"romance",0,1,1139667,3505166,0.563035007369756,"nonacademic"
"basket-full",0,1,1139667,3505166,0.563035007369756,"nonacademic"
"monster",0,1,1139667,3505166,0.563035007369756,"nonacademic"
"bucking",0,1,1139667,3505166,0.563035007369756,"nonacademic"
"out",0,1,1139667,3505166,0.563035007369756,"nonacademic"
"panorama",0,1,1139667,3505166,0.563035007369756,"nonacademic"
"breakfast",0,1,1139667,3505166,0.563035007369756,"nonacademic"
"picnic",0,1,1139667,3505166,0.563035007369756,"nonacademic"
"gift",0,1,1139667,3505166,0.563035007369756,"nonacademic"
"frieze",0,1,1139667,3505166,0.563035007369756,"nonacademic"
"pillar",0,1,1139667,3505166,0.563035007369756,"nonacademic"
"ball",0,1,1139667,3505166,0.563035007369756,"nonacademic"
"drive",0,1,1139667,3505166,0.563035007369756,"nonacademic"
"tingle",0,1,1139667,3505166,0.563035007369756,"nonacademic"
"paroxysm",0,1,1139667,3505166,0.563035007369756,"nonacademic"
"shape",0,1,1139667,3505166,0.563035007369756,"nonacademic"
"modulist",0,1,1139667,3505166,0.563035007369756,"nonacademic"
"bitch",0,1,1139667,3505166,0.563035007369756,"nonacademic"
"charter",0,1,1139667,3505166,0.563035007369756,"nonacademic"
"gain",0,1,1139667,3505166,0.563035007369756,"nonacademic"
"penis",0,1,1139667,3505166,0.563035007369756,"nonacademic"
"shaft",0,1,1139667,3505166,0.563035007369756,"nonacademic"
"literature",0,1,1139667,3505166,0.563035007369756,"nonacademic"
"feather",0,1,1139667,3505166,0.563035007369756,"nonacademic"
"dower",0,1,1139667,3505166,0.563035007369756,"nonacademic"
"remnant",0,1,1139667,3505166,0.563035007369756,"nonacademic"
"medley",0,1,1139667,3505166,0.563035007369756,"nonacademic"
"meal",0,1,1139667,3505166,0.563035007369756,"nonacademic"
"workforce",0,1,1139667,3505166,0.563035007369756,"nonacademic"
"spoof",0,1,1139667,3505166,0.563035007369756,"nonacademic"
"trance",0,1,1139667,3505166,0.563035007369756,"nonacademic"
"chap",0,1,1139667,3505166,0.563035007369756,"nonacademic"
"leftover",0,1,1139667,3505166,0.563035007369756,"nonacademic"
"handle",0,1,1139667,3505166,0.563035007369756,"nonacademic"
"motive",0,1,1139667,3505166,0.563035007369756,"nonacademic"
"postcard",0,1,1139667,3505166,0.563035007369756,"nonacademic"
"nerve",0,1,1139667,3505166,0.563035007369756,"nonacademic"
"brood",0,1,1139667,3505166,0.563035007369756,"nonacademic"
"mop",0,1,1139667,3505166,0.563035007369756,"nonacademic"
"hobby",0,1,1139667,3505166,0.563035007369756,"nonacademic"
"taker",0,1,1139667,3505166,0.563035007369756,"nonacademic"
"halter",0,1,1139667,3505166,0.563035007369756,"nonacademic"
"divinity",0,1,1139667,3505166,0.563035007369756,"nonacademic"
"whole",0,1,1139667,3505166,0.563035007369756,"nonacademic"
"raft",0,1,1139667,3505166,0.563035007369756,"nonacademic"
"clue",0,1,1139667,3505166,0.563035007369756,"nonacademic"
"hundred",0,1,1139667,3505166,0.563035007369756,"nonacademic"
"fillet",0,1,1139667,3505166,0.563035007369756,"nonacademic"
"miscarriage",0,1,1139667,3505166,0.563035007369756,"nonacademic"
"vanload",0,1,1139667,3505166,0.563035007369756,"nonacademic"
"garden",0,1,1139667,3505166,0.563035007369756,"nonacademic"
"hedge",0,1,1139667,3505166,0.563035007369756,"nonacademic"
"love",0,1,1139667,3505166,0.563035007369756,"nonacademic"
"cord",0,1,1139667,3505166,0.563035007369756,"nonacademic"
"trio",0,1,1139667,3505166,0.563035007369756,"nonacademic"
"fixture",0,1,1139667,3505166,0.563035007369756,"nonacademic"
"reincarnation",0,1,1139667,3505166,0.563035007369756,"nonacademic"
"reel",0,1,1139667,3505166,0.563035007369756,"nonacademic"
"surfeit",0,1,1139667,3505166,0.563035007369756,"nonacademic"
"fiat",0,1,1139667,3505166,0.563035007369756,"nonacademic"
"street",0,1,1139667,3505166,0.563035007369756,"nonacademic"
"warren",0,1,1139667,3505166,0.563035007369756,"nonacademic"
"nest",0,1,1139667,3505166,0.563035007369756,"nonacademic"
"room-mate",0,1,1139667,3505166,0.563035007369756,"nonacademic"
"wash",0,1,1139667,3505166,0.563035007369756,"nonacademic"
"painter",0,1,1139667,3505166,0.563035007369756,"nonacademic"
"disseminator",0,1,1139667,3505166,0.563035007369756,"nonacademic"
"fount",0,1,1139667,3505166,0.563035007369756,"nonacademic"
"leader",0,1,1139667,3505166,0.563035007369756,"nonacademic"
"pretence",0,1,1139667,3505166,0.563035007369756,"nonacademic"
"tunnel",0,1,1139667,3505166,0.563035007369756,"nonacademic"
"foretaste",0,1,1139667,3505166,0.563035007369756,"nonacademic"
"nod",0,1,1139667,3505166,0.563035007369756,"nonacademic"
"vase",0,1,1139667,3505166,0.563035007369756,"nonacademic"
"re-creation",0,1,1139667,3505166,0.563035007369756,"nonacademic"
"demerger",0,1,1139667,3505166,0.563035007369756,"nonacademic"
"steward",0,1,1139667,3505166,0.563035007369756,"nonacademic"
"payout",0,1,1139667,3505166,0.563035007369756,"nonacademic"
"spur",0,1,1139667,3505166,0.563035007369756,"nonacademic"
"cold",0,1,1139667,3505166,0.563035007369756,"nonacademic"
"bifurcation",0,1,1139667,3505166,0.563035007369756,"nonacademic"
"lamp",0,1,1139667,3505166,0.563035007369756,"nonacademic"
"lie",0,1,1139667,3505166,0.563035007369756,"nonacademic"
"feint",0,1,1139667,3505166,0.563035007369756,"nonacademic"
"ragbag",0,1,1139667,3505166,0.563035007369756,"nonacademic"
"pyramid",0,1,1139667,3505166,0.563035007369756,"nonacademic"
"delegate",0,1,1139667,3505166,0.563035007369756,"nonacademic"
"stimulus",0,1,1139667,3505166,0.563035007369756,"nonacademic"
"mist",0,1,1139667,3505166,0.563035007369756,"nonacademic"
"diminishing",0,1,1139667,3505166,0.563035007369756,"nonacademic"
"shake",0,1,1139667,3505166,0.563035007369756,"nonacademic"
"hostage",0,1,1139667,3505166,0.563035007369756,"nonacademic"
"falling",0,1,1139667,3505166,0.563035007369756,"nonacademic"
"closet",0,1,1139667,3505166,0.563035007369756,"nonacademic"
"rewrite",0,1,1139667,3505166,0.563035007369756,"nonacademic"
"festival",0,1,1139667,3505166,0.563035007369756,"nonacademic"
"courtyard",0,1,1139667,3505166,0.563035007369756,"nonacademic"
"door",0,1,1139667,3505166,0.563035007369756,"nonacademic"
"hatful",0,1,1139667,3505166,0.563035007369756,"nonacademic"
"beach",0,1,1139667,3505166,0.563035007369756,"nonacademic"
"clerk",0,1,1139667,3505166,0.563035007369756,"nonacademic"
"project",0,1,1139667,3505166,0.563035007369756,"nonacademic"
"camp",0,1,1139667,3505166,0.563035007369756,"nonacademic"
"triangle",0,1,1139667,3505166,0.563035007369756,"nonacademic"
"welter",0,1,1139667,3505166,0.563035007369756,"nonacademic"
"glint",0,1,1139667,3505166,0.563035007369756,"nonacademic"
"dollop",0,1,1139667,3505166,0.563035007369756,"nonacademic"
"village",0,1,1139667,3505166,0.563035007369756,"nonacademic"
"low",0,1,1139667,3505166,0.563035007369756,"nonacademic"
"lake",0,1,1139667,3505166,0.563035007369756,"nonacademic"
"beginning",0,1,1139667,3505166,0.563035007369756,"nonacademic"
"wad",0,1,1139667,3505166,0.563035007369756,"nonacademic"
"rehash",0,1,1139667,3505166,0.563035007369756,"nonacademic"
"wisp",0,1,1139667,3505166,0.563035007369756,"nonacademic"
"posy",0,1,1139667,3505166,0.563035007369756,"nonacademic"
"rain",0,1,1139667,3505166,0.563035007369756,"nonacademic"
"posse",0,1,1139667,3505166,0.563035007369756,"nonacademic"
"clip",0,1,1139667,3505166,0.563035007369756,"nonacademic"
"shiver",0,1,1139667,3505166,0.563035007369756,"nonacademic"
"suite",0,1,1139667,3505166,0.563035007369756,"nonacademic"
"shrug",0,1,1139667,3505166,0.563035007369756,"nonacademic"
"t-shirt",0,1,1139667,3505166,0.563035007369756,"nonacademic"
"commitment",0,1,1139667,3505166,0.563035007369756,"nonacademic"
"kick",0,1,1139667,3505166,0.563035007369756,"nonacademic"
"yellowing",0,1,1139667,3505166,0.563035007369756,"nonacademic"
"teacher",0,1,1139667,3505166,0.563035007369756,"nonacademic"
"murmur",0,1,1139667,3505166,0.563035007369756,"nonacademic"
"point",4,18,1139663,3505149,0.512657529853136,"nonacademic"
"note",3,14,1139664,3505153,0.468633101160187,"nonacademic"
"tangle",1,6,1139666,3505161,0.446620807150826,"nonacademic"
"bundle",1,6,1139666,3505161,0.446620807150826,"nonacademic"
"night",1,6,1139666,3505161,0.446620807150826,"nonacademic"
"field",1,6,1139666,3505161,0.446620807150826,"nonacademic"
"sea",1,6,1139666,3505161,0.446620807150826,"nonacademic"
"victim",2,7,1139665,3505160,0.0266111082299736,"nonacademic"
"world",2,7,1139665,3505160,0.0266111082299736,"nonacademic"
"party",2,7,1139665,3505160,0.0266111082299736,"nonacademic"
"habit",2,7,1139665,3505160,0.0266111082299736,"nonacademic"
"piece",29,99,1139638,3505068,0.248738588269963,"nonacademic"
"quarter",13,42,1139654,3505125,0.0242560255526599,"nonacademic"
"place",4,16,1139663,3505151,0.232619172279831,"nonacademic"
"thing",1,5,1139666,3505162,0.218479479843007,"nonacademic"
"height",1,5,1139666,3505162,0.218479479843007,"nonacademic"
"turnover",1,5,1139666,3505162,0.218479479843007,"nonacademic"
"plate",1,5,1139666,3505162,0.218479479843007,"nonacademic"
"repeat",1,5,1139666,3505162,0.218479479843007,"nonacademic"
"decade",1,5,1139666,3505162,0.218479479843007,"nonacademic"
"stack",1,5,1139666,3505162,0.218479479843007,"nonacademic"
"cloud",3,10,1139664,3505157,0.0151588329078335,"nonacademic"
"photograph",2,8,1139665,3505159,0.116309347189101,"nonacademic"
"rise",2,8,1139665,3505159,0.116309347189101,"nonacademic"
"mix",2,8,1139665,3505159,0.116309347189101,"nonacademic"
"few",7,30,1139660,3505137,0.66798587265405,"nonacademic"
"moment",2,9,1139665,3505158,0.25632819698937,"nonacademic"
"spate",2,9,1139665,3505158,0.25632819698937,"nonacademic"
"case",9,32,1139658,3505135,0.15170136193438,"nonacademic"
"number",272,151,1139395,3505016,298.079769744575,"academic"
"function",65,0,1139602,3505167,182.65533525054,"academic"
"form",65,17,1139602,3505150,108.524115849062,"academic"
"variety",82,35,1139585,3505132,107.360346596459,"academic"
"range",66,20,1139601,3505147,103.441601338926,"academic"
"result",98,64,1139569,3505103,94.0314553677179,"academic"
"series",99,81,1139568,3505086,76.0732182844072,"academic"
"study",36,6,1139631,3505161,70.0906119931282,"academic"
"measure",35,6,1139632,3505161,67.592867724927,"academic"
"consequence",33,5,1139634,3505162,65.9544448366265,"academic"
"set",59,32,1139608,3505135,65.7910710487631,"academic"
"solution",23,0,1139644,3505167,64.6312481948337,"academic"
"critique",23,1,1139644,3505166,56.8804233749769,"academic"
"theory",20,0,1139647,3505167,56.2010456562647,"academic"
"process",26,5,1139641,3505162,48.4847755359066,"academic"
"matrix",17,0,1139650,3505167,47.7708550375946,"academic"
"feature",15,0,1139652,3505167,42.1507345802581,"academic"
"breach",19,2,1139648,3505165,41.3083621307484,"academic"
"combination",34,16,1139633,3505151,41.863489729928,"academic"
"consideration",14,0,1139653,3505167,39.3406763372276,"academic"
"source",26,10,1139641,3505157,36.1510653408253,"academic"
"means",22,6,1139645,3505161,36.1028636729709,"academic"
"way",41,30,1139626,3505137,35.3875050527252,"academic"
"notion",16,2,1139651,3505165,33.5288950732782,"academic"
"history",21,7,1139646,3505160,31.4615284419496,"academic"
"comparison",10,0,1139657,3505167,28.1004566124104,"academic"
"proportion",15,3,1139652,3505164,27.6196171275363,"academic"
"is",9,0,1139658,3505167,25.2904049914684,"academic"
"conception",9,0,1139658,3505167,25.2904049914684,"academic"
"summary",11,1,1139656,3505166,24.5894762348544,"academic"
"knowledge",12,2,1139655,3505165,23.3633667346001,"academic"
"sequence",13,3,1139654,3505164,22.7772259837234,"academic"
"generalization",8,0,1139659,3505167,22.4803546959167,"academic"
"concept",8,0,1139659,3505167,22.4803546959167,"academic"
"fragment",10,1,1139657,3505166,21.9614931711972,"academic"
"method",12,3,1139655,3505164,20.3975810610048,"academic"
"length",14,5,1139653,3505162,20.2551257797464,"academic"
"description",13,4,1139654,3505163,20.2325223837546,"academic"
"mode",7,0,1139660,3505167,19.6703057239442,"academic"
"diameter",7,0,1139660,3505167,19.6703057239442,"academic"
"stage",7,0,1139660,3505167,19.6703057239442,"academic"
"list",28,27,1139639,3505140,17.6552740189777,"academic"
"group",43,55,1139624,3505112,17.4152525185553,"academic"
"philosophy",6,0,1139661,3505167,16.8602580750433,"academic"
"requirement",6,0,1139661,3505167,16.8602580750433,"academic"
"relation",6,0,1139661,3505167,16.8602580750433,"academic"
"defence",6,0,1139661,3505167,16.8602580750433,"academic"
"class",8,1,1139659,3505166,16.7644085319702,"academic"
"maximum",13,6,1139654,3505161,16.2099136951359,"academic"
"majority",15,9,1139652,3505158,15.4629611259376,"academic"
"body",9,2,1139658,3505165,15.985402508864,"academic"
"cause",9,2,1139658,3505165,15.985402508864,"academic"
"version",9,2,1139658,3505165,15.985402508864,"academic"
"matter",61,98,1139606,3505069,14.8590683689247,"academic"
"question",29,33,1139638,3505134,14.3794995696866,"academic"
"diagnosis",5,0,1139662,3505167,14.0502117517814,"academic"
"value",5,0,1139662,3505167,14.0502117517814,"academic"
"contract",5,0,1139662,3505167,14.0502117517814,"academic"
"modification",5,0,1139662,3505167,14.0502117517814,"academic"
"keeper",5,0,1139662,3505167,14.0502117517814,"academic"
"threat",5,0,1139662,3505167,14.0502117517814,"academic"
"lack",14,9,1139653,3505158,13.6188558791813,"academic"
"species",8,2,1139659,3505165,13.5983694890224,"academic"
"period",25,28,1139642,3505139,12.7124225338043,"academic"
"structure",7,2,1139660,3505165,11.2616582668373,"academic"
"rule",7,2,1139660,3505165,11.2616582668373,"academic"
"taxonomy",4,0,1139663,3505167,11.2401667531448,"academic"
"current",4,0,1139663,3505167,11.2401667531448,"academic"
"characteristic",4,0,1139663,3505167,11.2401667531448,"academic"
"dictionary",4,0,1139663,3505167,11.2401667531448,"academic"
"plea",4,0,1139663,3505167,11.2401667531448,"academic"
"reform",4,0,1139663,3505167,11.2401667531448,"academic"
"situation",4,0,1139663,3505167,11.2401667531448,"academic"
"plurality",4,0,1139663,3505167,11.2401667531448,"academic"
"hierarchy",4,0,1139663,3505167,11.2401667531448,"academic"
"table",4,0,1139663,3505167,11.2401667531448,"academic"
"region",4,0,1139663,3505167,11.2401667531448,"academic"
"precondition",4,0,1139663,3505167,11.2401667531448,"academic"
"distribution",4,0,1139663,3505167,11.2401667531448,"academic"
"variation",4,0,1139663,3505167,11.2401667531448,"academic"
"decline",4,0,1139663,3505167,11.2401667531448,"academic"
"system",10,6,1139657,3505161,10.3086192996308,"academic"
"movement",5,1,1139662,3505166,9.20651010073688,"academic"
"verdict",5,1,1139662,3505166,9.20651010073688,"academic"
"risk",7,3,1139660,3505164,9.14211608152791,"academic"
"sense",29,42,1139638,3505125,9.105618957518,"academic"
"plot",6,2,1139661,3505165,8.98896074989363,"academic"
"morality",3,0,1139664,3505167,8.4301230783347,"academic"
"characterisation",3,0,1139664,3505167,8.4301230783347,"academic"
"criticism",3,0,1139664,3505167,8.4301230783347,"academic"
"curve",3,0,1139664,3505167,8.4301230783347,"academic"
"transformation",3,0,1139664,3505167,8.4301230783347,"academic"
"classification",3,0,1139664,3505167,8.4301230783347,"academic"
"framework",3,0,1139664,3505167,8.4301230783347,"academic"
"college",3,0,1139664,3505167,8.4301230783347,"academic"
"weakening",3,0,1139664,3505167,8.4301230783347,"academic"
"representation",3,0,1139664,3505167,8.4301230783347,"academic"
"continuum",3,0,1139664,3505167,8.4301230783347,"academic"
"singularity",3,0,1139664,3505167,8.4301230783347,"academic"
"cline",3,0,1139664,3505167,8.4301230783347,"academic"
"finder",3,0,1139664,3505167,8.4301230783347,"academic"
"culture",3,0,1139664,3505167,8.4301230783347,"academic"
"file",3,0,1139664,3505167,8.4301230783347,"academic"
"tort",3,0,1139664,3505167,8.4301230783347,"academic"
"shift",3,0,1139664,3505167,8.4301230783347,"academic"
"submatrix",3,0,1139664,3505167,8.4301230783347,"academic"
"column",7,4,1139660,3505163,7.50183551020021,"academic"
"discussion",7,4,1139660,3505163,7.50183551020021,"academic"
"model",6,3,1139661,3505164,7.09210073723803,"academic"
"problem",6,3,1139661,3505164,7.09210073723803,"academic"
"minority",6,3,1139661,3505164,7.09210073723803,"academic"
"review",10,9,1139657,3505158,6.88080100983451,"academic"
"population",5,2,1139662,3505165,6.80050336109656,"academic"
"book",5,2,1139662,3505165,6.80050336109656,"academic"
"convention",4,1,1139663,3505166,6.79917580256873,"academic"
"rotation",4,1,1139663,3505166,6.79917580256873,"academic"
"factor",4,1,1139663,3505166,6.79917580256873,"academic"
"register",4,1,1139663,3505166,6.79917580256873,"academic"
"sample",6,4,1139661,3505163,5.65215527052325,"academic"
"record",6,4,1139661,3505163,5.65215527052325,"academic"
"benefit",2,0,1139665,3505167,5.62008072890618,"academic"
"parliament",2,0,1139665,3505167,5.62008072890618,"academic"
"swing",2,0,1139665,3505167,5.62008072890618,"academic"
"theorem",2,0,1139665,3505167,5.62008072890618,"academic"
"gallery",2,0,1139665,3505167,5.62008072890618,"academic"
"skeleton",2,0,1139665,3505167,5.62008072890618,"academic"
"category",2,0,1139665,3505167,5.62008072890618,"academic"
"marxism",2,0,1139665,3505167,5.62008072890618,"academic"
"measurement",2,0,1139665,3505167,5.62008072890618,"academic"
"polymer",2,0,1139665,3505167,5.62008072890618,"academic"
"branch",2,0,1139665,3505167,5.62008072890618,"academic"
"user",2,0,1139665,3505167,5.62008072890618,"academic"
"dielectric",2,0,1139665,3505167,5.62008072890618,"academic"
"collision",2,0,1139665,3505167,5.62008072890618,"academic"
"politics",2,0,1139665,3505167,5.62008072890618,"academic"
"transfer",2,0,1139665,3505167,5.62008072890618,"academic"
"broadening",2,0,1139665,3505167,5.62008072890618,"academic"
"probability",2,0,1139665,3505167,5.62008072890618,"academic"
"or",2,0,1139665,3505167,5.62008072890618,"academic"
"prerequisite",2,0,1139665,3505167,5.62008072890618,"academic"
"continuity",2,0,1139665,3505167,5.62008072890618,"academic"
"tree",2,0,1139665,3505167,5.62008072890618,"academic"
"repertoire",2,0,1139665,3505167,5.62008072890618,"academic"
"minor",2,0,1139665,3505167,5.62008072890618,"academic"
"coalition",2,0,1139665,3505167,5.62008072890618,"academic"
"span",2,0,1139665,3505167,5.62008072890618,"academic"
"proliferation",2,0,1139665,3505167,5.62008072890618,"academic"
"definition",2,0,1139665,3505167,5.62008072890618,"academic"
"reformulation",2,0,1139665,3505167,5.62008072890618,"academic"
"violation",2,0,1139665,3505167,5.62008072890618,"academic"
"derivation",2,0,1139665,3505167,5.62008072890618,"academic"
"doctor",2,0,1139665,3505167,5.62008072890618,"academic"
"variant",2,0,1139665,3505167,5.62008072890618,"academic"
"gap",2,0,1139665,3505167,5.62008072890618,"academic"
"unit",2,0,1139665,3505167,5.62008072890618,"academic"
"corpus",2,0,1139665,3505167,5.62008072890618,"academic"
"mean",2,0,1139665,3505167,5.62008072890618,"academic"
"sphere",2,0,1139665,3505167,5.62008072890618,"academic"
"unity",2,0,1139665,3505167,5.62008072890618,"academic"
"resumption",2,0,1139665,3505167,5.62008072890618,"academic"
"ratio",2,0,1139665,3505167,5.62008072890618,"academic"
"phase",2,0,1139665,3505167,5.62008072890618,"academic"
"context",2,0,1139665,3505167,5.62008072890618,"academic"
"re-evaluation",2,0,1139665,3505167,5.62008072890618,"academic"
"basis",2,0,1139665,3505167,5.62008072890618,"academic"
"marker",2,0,1139665,3505167,5.62008072890618,"academic"
"relic",2,0,1139665,3505167,5.62008072890618,"academic"
"predictor",2,0,1139665,3505167,5.62008072890618,"academic"
"bailee",2,0,1139665,3505167,5.62008072890618,"academic"
"graph",2,0,1139665,3505167,5.62008072890618,"academic"
"beam",2,0,1139665,3505167,5.62008072890618,"academic"
"space",2,0,1139665,3505167,5.62008072890618,"academic"
"realization",2,0,1139665,3505167,5.62008072890618,"academic"
"dearth",2,0,1139665,3505167,5.62008072890618,"academic"
"negation",2,0,1139665,3505167,5.62008072890618,"academic"
"wedge",2,0,1139665,3505167,5.62008072890618,"academic"
"protg",2,0,1139665,3505167,5.62008072890618,"academic"
"recognition",2,0,1139665,3505167,5.62008072890618,"academic"
"grasp",2,0,1139665,3505167,5.62008072890618,"academic"
"revolution",2,0,1139665,3505167,5.62008072890618,"academic"
"reading",2,0,1139665,3505167,5.62008072890618,"academic"
"tape-recording",2,0,1139665,3505167,5.62008072890618,"academic"
"survey",7,6,1139660,3505161,5.10367220722672,"academic"
"third",12,15,1139655,3505152,5.07010099576128,"academic"
"legacy",4,2,1139663,3505165,4.72806344387313,"academic"
"denial",4,2,1139663,3505165,4.72806344387313,"academic"
"course",6,5,1139661,3505162,4.51721834773661,"academic"
"crime",3,1,1139664,3505166,4.49447563618894,"academic"
"proof",3,1,1139664,3505166,4.49447563618894,"academic"
"focus",3,1,1139664,3505166,4.49447563618894,"academic"
"sum",3,1,1139664,3505166,4.49447563618894,"academic"
"danger",3,1,1139664,3505166,4.49447563618894,"academic"
"multiplicity",3,1,1139664,3505166,4.49447563618894,"academic"
"statement",3,1,1139664,3505166,4.49447563618894,"academic"
"page",3,1,1139664,3505166,4.49447563618894,"academic"
"part",19,31,1139648,3505136,4.43846485024793,"academic"
"view",8,9,1139659,3505158,4.03949716094603,"academic"
"mixture",18,30,1139649,3505137,3.96172499547256,"academic"
"network",9,11,1139658,3505156,3.95820259560306,"academic"
"state",14,22,1139653,3505145,3.61345582702156,"academic"
"percentage",6,6,1139661,3505161,3.60292238545984,"academic"
"minimum",7,8,1139660,3505159,3.44686631014917,"academic"
"symptom",4,3,1139663,3505164,3.36855356292171,"academic"
"search",4,3,1139663,3505164,3.36855356292171,"academic"
"dose",4,3,1139663,3505164,3.36855356292171,"academic"
"block",5,4,1139662,3505163,3.9370356312605,"academic"
"rate",5,5,1139662,3505162,3.00243381333984,"academic"
"chain",6,7,1139661,3505160,2.85666040719534,"academic"
"degree",6,7,1139661,3505160,2.85666040719534,"academic"
"collection",9,13,1139658,3505154,2.84267836772692,"academic"
"count",3,2,1139664,3505165,2.82607397926531,"academic"
"repetition",3,2,1139664,3505165,2.82607397926531,"academic"
"capacity",3,2,1139664,3505165,2.82607397926531,"academic"
"duty",3,2,1139664,3505165,2.82607397926531,"academic"
"supporter",1,0,1139666,3505167,2.81003970254204,"academic"
"deficiency",1,0,1139666,3505167,2.81003970254204,"academic"
"text",1,0,1139666,3505167,2.81003970254204,"academic"
"truism",1,0,1139666,3505167,2.81003970254204,"academic"
"selector",1,0,1139666,3505167,2.81003970254204,"academic"
"pinnacle",1,0,1139666,3505167,2.81003970254204,"academic"
"discontinuity",1,0,1139666,3505167,2.81003970254204,"academic"
"neighbour",1,0,1139666,3505167,2.81003970254204,"academic"
"motion",1,0,1139666,3505167,2.81003970254204,"academic"
"pursuit",1,0,1139666,3505167,2.81003970254204,"academic"
"deterioration",1,0,1139666,3505167,2.81003970254204,"academic"
"cylinder",1,0,1139666,3505167,2.81003970254204,"academic"
"jungle",1,0,1139666,3505167,2.81003970254204,"academic"
"counterexample",1,0,1139666,3505167,2.81003970254204,"academic"
"captive",1,0,1139666,3505167,2.81003970254204,"academic"
"reconciliation",1,0,1139666,3505167,2.81003970254204,"academic"
"solicitor",1,0,1139666,3505167,2.81003970254204,"academic"
"burden",1,0,1139666,3505167,2.81003970254204,"academic"
"brother",1,0,1139666,3505167,2.81003970254204,"academic"
"knight",1,0,1139666,3505167,2.81003970254204,"academic"
"hearer",1,0,1139666,3505167,2.81003970254204,"academic"
"doctrine",1,0,1139666,3505167,2.81003970254204,"academic"
"redistribution",1,0,1139666,3505167,2.81003970254204,"academic"
"cycle",1,0,1139666,3505167,2.81003970254204,"academic"
"proboscis",1,0,1139666,3505167,2.81003970254204,"academic"
"window",1,0,1139666,3505167,2.81003970254204,"academic"
"scale",1,0,1139666,3505167,2.81003970254204,"academic"
"deconstruction",1,0,1139666,3505167,2.81003970254204,"academic"
"commonplace",1,0,1139666,3505167,2.81003970254204,"academic"
"behaviour",1,0,1139666,3505167,2.81003970254204,"academic"
"pre-condition",1,0,1139666,3505167,2.81003970254204,"academic"
"myriad",1,0,1139666,3505167,2.81003970254204,"academic"
"self-consciousness",1,0,1139666,3505167,2.81003970254204,"academic"
"b-tree",1,0,1139666,3505167,2.81003970254204,"academic"
"parent",1,0,1139666,3505167,2.81003970254204,"academic"
"log",1,0,1139666,3505167,2.81003970254204,"academic"
"dropping",1,0,1139666,3505167,2.81003970254204,"academic"
"molecule",1,0,1139666,3505167,2.81003970254204,"academic"
"paragon",1,0,1139666,3505167,2.81003970254204,"academic"
"milieu",1,0,1139666,3505167,2.81003970254204,"academic"
"reassertion",1,0,1139666,3505167,2.81003970254204,"academic"
"sub-species",1,0,1139666,3505167,2.81003970254204,"academic"
"usurpation",1,0,1139666,3505167,2.81003970254204,"academic"
"consisted",1,0,1139666,3505167,2.81003970254204,"academic"
"mlange",1,0,1139666,3505167,2.81003970254204,"academic"
"simulation",1,0,1139666,3505167,2.81003970254204,"academic"
"covering",1,0,1139666,3505167,2.81003970254204,"academic"
"gradient",1,0,1139666,3505167,2.81003970254204,"academic"
"loser",1,0,1139666,3505167,2.81003970254204,"academic"
"thinker",1,0,1139666,3505167,2.81003970254204,"academic"
"formulation",1,0,1139666,3505167,2.81003970254204,"academic"
"drug",1,0,1139666,3505167,2.81003970254204,"academic"
"supplement",1,0,1139666,3505167,2.81003970254204,"academic"
"norm",1,0,1139666,3505167,2.81003970254204,"academic"
"blurring",1,0,1139666,3505167,2.81003970254204,"academic"
"misperception",1,0,1139666,3505167,2.81003970254204,"academic"
"liveryman",1,0,1139666,3505167,2.81003970254204,"academic"
"citizen",1,0,1139666,3505167,2.81003970254204,"academic"
"flowering",1,0,1139666,3505167,2.81003970254204,"academic"
"release",1,0,1139666,3505167,2.81003970254204,"academic"
"home",1,0,1139666,3505167,2.81003970254204,"academic"
"textbook",1,0,1139666,3505167,2.81003970254204,"academic"
",",1,0,1139666,3505167,2.81003970254204,"academic"
"receipt",1,0,1139666,3505167,2.81003970254204,"academic"
"space-time",1,0,1139666,3505167,2.81003970254204,"academic"
"concert",1,0,1139666,3505167,2.81003970254204,"academic"
"capitulum",1,0,1139666,3505167,2.81003970254204,"academic"
"momentum",1,0,1139666,3505167,2.81003970254204,"academic"
"reality",1,0,1139666,3505167,2.81003970254204,"academic"
"sally",1,0,1139666,3505167,2.81003970254204,"academic"
"limit",1,0,1139666,3505167,2.81003970254204,"academic"
"blare",1,0,1139666,3505167,2.81003970254204,"academic"
"withdrawal",1,0,1139666,3505167,2.81003970254204,"academic"
"difference",1,0,1139666,3505167,2.81003970254204,"academic"
"composite",1,0,1139666,3505167,2.81003970254204,"academic"
"candidate",1,0,1139666,3505167,2.81003970254204,"academic"
"glossary",1,0,1139666,3505167,2.81003970254204,"academic"
"convenience",1,0,1139666,3505167,2.81003970254204,"academic"
"compendium",1,0,1139666,3505167,2.81003970254204,"academic"
"sacrifice",1,0,1139666,3505167,2.81003970254204,"academic"
"restatement",1,0,1139666,3505167,2.81003970254204,"academic"
"society",1,0,1139666,3505167,2.81003970254204,"academic"
"sub-unit",1,0,1139666,3505167,2.81003970254204,"academic"
"counterstructure",1,0,1139666,3505167,2.81003970254204,"academic"
"frequency",1,0,1139666,3505167,2.81003970254204,"academic"
"subcommittee",1,0,1139666,3505167,2.81003970254204,"academic"
"coil",1,0,1139666,3505167,2.81003970254204,"academic"
"rejection",1,0,1139666,3505167,2.81003970254204,"academic"
"confederate",1,0,1139666,3505167,2.81003970254204,"academic"
"subpopulation",1,0,1139666,3505167,2.81003970254204,"academic"
"farrago",1,0,1139666,3505167,2.81003970254204,"academic"
"narrative",1,0,1139666,3505167,2.81003970254204,"academic"
"spontaneity",1,0,1139666,3505167,2.81003970254204,"academic"
"confession",1,0,1139666,3505167,2.81003970254204,"academic"
"stimulation",1,0,1139666,3505167,2.81003970254204,"academic"
"parting",1,0,1139666,3505167,2.81003970254204,"academic"
"response",1,0,1139666,3505167,2.81003970254204,"academic"
"displacement",1,0,1139666,3505167,2.81003970254204,"academic"
"city",1,0,1139666,3505167,2.81003970254204,"academic"
"reassessment",1,0,1139666,3505167,2.81003970254204,"academic"
"hazard",1,0,1139666,3505167,2.81003970254204,"academic"
"label",1,0,1139666,3505167,2.81003970254204,"academic"
"finding",1,0,1139666,3505167,2.81003970254204,"academic"
"maldistribution",1,0,1139666,3505167,2.81003970254204,"academic"
"pulse",1,0,1139666,3505167,2.81003970254204,"academic"
"polynomial",1,0,1139666,3505167,2.81003970254204,"academic"
"monograph",1,0,1139666,3505167,2.81003970254204,"academic"
"removal",1,0,1139666,3505167,2.81003970254204,"academic"
"theme",1,0,1139666,3505167,2.81003970254204,"academic"
"dissolution",1,0,1139666,3505167,2.81003970254204,"academic"
"buyer",1,0,1139666,3505167,2.81003970254204,"academic"
"screen",1,0,1139666,3505167,2.81003970254204,"academic"
"paper",1,0,1139666,3505167,2.81003970254204,"academic"
"title",1,0,1139666,3505167,2.81003970254204,"academic"
"vassal",1,0,1139666,3505167,2.81003970254204,"academic"
"redefinition",1,0,1139666,3505167,2.81003970254204,"academic"
"paraphrase",1,0,1139666,3505167,2.81003970254204,"academic"
"checklist",1,0,1139666,3505167,2.81003970254204,"academic"
"convergence",1,0,1139666,3505167,2.81003970254204,"academic"
"dream-work",1,0,1139666,3505167,2.81003970254204,"academic"
"monopoly",1,0,1139666,3505167,2.81003970254204,"academic"
"development",1,0,1139666,3505167,2.81003970254204,"academic"
"rainfall",1,0,1139666,3505167,2.81003970254204,"academic"
"concordance",1,0,1139666,3505167,2.81003970254204,"academic"
"loosening",1,0,1139666,3505167,2.81003970254204,"academic"
"use",1,0,1139666,3505167,2.81003970254204,"academic"
"language",1,0,1139666,3505167,2.81003970254204,"academic"
"privilege",1,0,1139666,3505167,2.81003970254204,"academic"
"fantasy",1,0,1139666,3505167,2.81003970254204,"academic"
"digest",1,0,1139666,3505167,2.81003970254204,"academic"
"blossoming",1,0,1139666,3505167,2.81003970254204,"academic"
"pseudo-history",1,0,1139666,3505167,2.81003970254204,"academic"
"conversion",1,0,1139666,3505167,2.81003970254204,"academic"
"strategy",1,0,1139666,3505167,2.81003970254204,"academic"
"database",1,0,1139666,3505167,2.81003970254204,"academic"
"multiple",1,0,1139666,3505167,2.81003970254204,"academic"
"landlord",1,0,1139666,3505167,2.81003970254204,"academic"
"rotor",1,0,1139666,3505167,2.81003970254204,"academic"
"simplification",1,0,1139666,3505167,2.81003970254204,"academic"
"lawyer",1,0,1139666,3505167,2.81003970254204,"academic"
"degeneration",1,0,1139666,3505167,2.81003970254204,"academic"
"disturbance",1,0,1139666,3505167,2.81003970254204,"academic"
"switch",1,0,1139666,3505167,2.81003970254204,"academic"
"consolidation",1,0,1139666,3505167,2.81003970254204,"academic"
"theorization",1,0,1139666,3505167,2.81003970254204,"academic"
"material",1,0,1139666,3505167,2.81003970254204,"academic"
"disorder",1,0,1139666,3505167,2.81003970254204,"academic"
"handlist",1,0,1139666,3505167,2.81003970254204,"academic"
"self-undermining",1,0,1139666,3505167,2.81003970254204,"academic"
"capability",1,0,1139666,3505167,2.81003970254204,"academic"
"precipitant",1,0,1139666,3505167,2.81003970254204,"academic"
"writ",1,0,1139666,3505167,2.81003970254204,"academic"
"density",1,0,1139666,3505167,2.81003970254204,"academic"
"clarification",1,0,1139666,3505167,2.81003970254204,"academic"
"prerogative",1,0,1139666,3505167,2.81003970254204,"academic"
"median",1,0,1139666,3505167,2.81003970254204,"academic"
"surface",1,0,1139666,3505167,2.81003970254204,"academic"
"forester",1,0,1139666,3505167,2.81003970254204,"academic"
"sketch",1,0,1139666,3505167,2.81003970254204,"academic"
"wingspan",1,0,1139666,3505167,2.81003970254204,"academic"
"canon",1,0,1139666,3505167,2.81003970254204,"academic"
"priest",1,0,1139666,3505167,2.81003970254204,"academic"
"bubble",1,0,1139666,3505167,2.81003970254204,"academic"
"grasping",1,0,1139666,3505167,2.81003970254204,"academic"
"distortion",1,0,1139666,3505167,2.81003970254204,"academic"
"deposit",1,0,1139666,3505167,2.81003970254204,"academic"
"criminalization",1,0,1139666,3505167,2.81003970254204,"academic"
"library",1,0,1139666,3505167,2.81003970254204,"academic"
"prolongation",1,0,1139666,3505167,2.81003970254204,"academic"
"marriage",1,0,1139666,3505167,2.81003970254204,"academic"
"frond",1,0,1139666,3505167,2.81003970254204,"academic"
"logic",1,0,1139666,3505167,2.81003970254204,"academic"
"horizon",1,0,1139666,3505167,2.81003970254204,"academic"
"conviction",1,0,1139666,3505167,2.81003970254204,"academic"
"coauthor",1,0,1139666,3505167,2.81003970254204,"academic"
"romanticism",1,0,1139666,3505167,2.81003970254204,"academic"
"prefiguration",1,0,1139666,3505167,2.81003970254204,"academic"
"staggering",1,0,1139666,3505167,2.81003970254204,"academic"
"descriptor",1,0,1139666,3505167,2.81003970254204,"academic"
"corollary",1,0,1139666,3505167,2.81003970254204,"academic"
"success",1,0,1139666,3505167,2.81003970254204,"academic"
"zone",1,0,1139666,3505167,2.81003970254204,"academic"
"force",1,0,1139666,3505167,2.81003970254204,"academic"
"severing",1,0,1139666,3505167,2.81003970254204,"academic"
"devotee",1,0,1139666,3505167,2.81003970254204,"academic"
"unifier",1,0,1139666,3505167,2.81003970254204,"academic"
"radius",1,0,1139666,3505167,2.81003970254204,"academic"
"reapplication",1,0,1139666,3505167,2.81003970254204,"academic"
"key",1,0,1139666,3505167,2.81003970254204,"academic"
"paralysis",1,0,1139666,3505167,2.81003970254204,"academic"
"redesign",1,0,1139666,3505167,2.81003970254204,"academic"
"nodule",1,0,1139666,3505167,2.81003970254204,"academic"
"rearrangement",1,0,1139666,3505167,2.81003970254204,"academic"
"syndrome",1,0,1139666,3505167,2.81003970254204,"academic"
"solenoid",1,0,1139666,3505167,2.81003970254204,"academic"
"cask",1,0,1139666,3505167,2.81003970254204,"academic"
"complication",1,0,1139666,3505167,2.81003970254204,"academic"
"problematic",1,0,1139666,3505167,2.81003970254204,"academic"
"consciousness",1,0,1139666,3505167,2.81003970254204,"academic"
"regimen",1,0,1139666,3505167,2.81003970254204,"academic"
"cropping-rate",1,0,1139666,3505167,2.81003970254204,"academic"
"conflict",1,0,1139666,3505167,2.81003970254204,"academic"
"reservation",1,0,1139666,3505167,2.81003970254204,"academic"
"cargo",1,0,1139666,3505167,2.81003970254204,"academic"
"boundary",1,0,1139666,3505167,2.81003970254204,"academic"
"vat",1,0,1139666,3505167,2.81003970254204,"academic"
"modality",1,0,1139666,3505167,2.81003970254204,"academic"
"reaffirmation",1,0,1139666,3505167,2.81003970254204,"academic"
"vehicle",1,0,1139666,3505167,2.81003970254204,"academic"
"liquidation",1,0,1139666,3505167,2.81003970254204,"academic"
"restriction",1,0,1139666,3505167,2.81003970254204,"academic"
"notary",1,0,1139666,3505167,2.81003970254204,"academic"
"regeneration",1,0,1139666,3505167,2.81003970254204,"academic"
"constellation",1,0,1139666,3505167,2.81003970254204,"academic"
"relationship",1,0,1139666,3505167,2.81003970254204,"academic"
"premultiplier",1,0,1139666,3505167,2.81003970254204,"academic"
"decision",1,0,1139666,3505167,2.81003970254204,"academic"
"vocabulary",1,0,1139666,3505167,2.81003970254204,"academic"
"speaker",1,0,1139666,3505167,2.81003970254204,"academic"
"pioneer",1,0,1139666,3505167,2.81003970254204,"academic"
"=",1,0,1139666,3505167,2.81003970254204,"academic"
"segregation",1,0,1139666,3505167,2.81003970254204,"academic"
"coefficient",1,0,1139666,3505167,2.81003970254204,"academic"
"portrayal",1,0,1139666,3505167,2.81003970254204,"academic"
"reformer",1,0,1139666,3505167,2.81003970254204,"academic"
"presupposition",1,0,1139666,3505167,2.81003970254204,"academic"
"lowering",1,0,1139666,3505167,2.81003970254204,"academic"
"promoter",1,0,1139666,3505167,2.81003970254204,"academic"
"predominance",1,0,1139666,3505167,2.81003970254204,"academic"
"concentration",1,0,1139666,3505167,2.81003970254204,"academic"
"trigger",1,0,1139666,3505167,2.81003970254204,"academic"
"fossil",1,0,1139666,3505167,2.81003970254204,"academic"
"subgroup",1,0,1139666,3505167,2.81003970254204,"academic"
"width",1,0,1139666,3505167,2.81003970254204,"academic"
"tanner",1,0,1139666,3505167,2.81003970254204,"academic"
"parallelepiped",1,0,1139666,3505167,2.81003970254204,"academic"
"complex",1,0,1139666,3505167,2.81003970254204,"academic"
"revision",1,0,1139666,3505167,2.81003970254204,"academic"
"fabrication",1,0,1139666,3505167,2.81003970254204,"academic"
"conglomeration",1,0,1139666,3505167,2.81003970254204,"academic"
"spring",1,0,1139666,3505167,2.81003970254204,"academic"
"examination",1,0,1139666,3505167,2.81003970254204,"academic"
"journal",1,0,1139666,3505167,2.81003970254204,"academic"
"waning",1,0,1139666,3505167,2.81003970254204,"academic"
"t",1,0,1139666,3505167,2.81003970254204,"academic"
"questioning",1,0,1139666,3505167,2.81003970254204,"academic"
"downpour",1,0,1139666,3505167,2.81003970254204,"academic"
"hectare",1,0,1139666,3505167,2.81003970254204,"academic"
"lambda-matrix",1,0,1139666,3505167,2.81003970254204,"academic"
"relative",1,0,1139666,3505167,2.81003970254204,"academic"
"histogram",1,0,1139666,3505167,2.81003970254204,"academic"
"lessening",1,0,1139666,3505167,2.81003970254204,"academic"
"liquid",1,0,1139666,3505167,2.81003970254204,"academic"
"pick-up",1,0,1139666,3505167,2.81003970254204,"academic"
"wait",1,0,1139666,3505167,2.81003970254204,"academic"
"policy",4,4,1139663,3505163,2.40194584443772,"academic"
"condition",4,4,1139663,3505163,2.40194584443772,"academic"
"right",4,4,1139663,3505163,2.40194584443772,"academic"
"layer",4,4,1139663,3505163,2.40194584443772,"academic"
"symbol",6,8,1139661,3505159,2.24309445414525,"academic"
"type",6,8,1139661,3505159,2.24309445414525,"academic"
"centre",2,1,1139665,3505166,2.3640298641939,"academic"
"diversity",2,1,1139665,3505166,2.3640298641939,"academic"
"widening",2,1,1139665,3505166,2.3640298641939,"academic"
"square",2,1,1139665,3505166,2.3640298641939,"academic"
"generation",2,1,1139665,3505166,2.3640298641939,"academic"
"room",2,1,1139665,3505166,2.3640298641939,"academic"
"tube",2,1,1139665,3505166,2.3640298641939,"academic"
"suspension",2,1,1139665,3505166,2.3640298641939,"academic"
"web",2,1,1139665,3505166,2.3640298641939,"academic"
"plethora",2,1,1139665,3505166,2.3640298641939,"academic"
"continuation",2,1,1139665,3505166,2.3640298641939,"academic"
"cohort",2,1,1139665,3505166,2.3640298641939,"academic"
"temperature",2,1,1139665,3505166,2.3640298641939,"academic"
"man",12,22,1139655,3505145,1.95836452309392,"academic"
"loss",8,13,1139659,3505154,1.88958150699983,"academic"
"climate",3,3,1139664,3505164,1.80145847820813,"academic"
"century",3,3,1139664,3505164,1.80145847820813,"academic"
"test",3,3,1139664,3505164,1.80145847820813,"academic"
"topic",3,3,1139664,3505164,1.80145847820813,"academic"
"vote",4,5,1139663,3505162,1.69002619891778,"academic"
"total",19,42,1139648,3505125,1.36454575015814,"academic"
"fear",2,2,1139665,3505165,1.20097171570061,"academic"
"return",2,2,1139665,3505165,1.20097171570061,"academic"
"core",2,2,1139665,3505165,1.20097171570061,"academic"
"power",2,2,1139665,3505165,1.20097171570061,"academic"
"scheme",2,2,1139665,3505165,1.20097171570061,"academic"
"subject",2,2,1139665,3505165,1.20097171570061,"academic"
"ring",2,2,1139665,3505165,1.20097171570061,"academic"
"plume",2,2,1139665,3505165,1.20097171570061,"academic"
"figure",3,4,1139664,3505163,1.12154531610438,"academic"
"position",3,4,1139664,3505163,1.12154531610438,"academic"
"pattern",3,4,1139664,3505163,1.12154531610438,"academic"
"stretch",3,4,1139664,3505163,1.12154531610438,"academic"
"multitude",3,4,1139664,3505163,1.12154531610438,"academic"
"change",7,11,1139660,3505156,1.8067201539685,"academic"
"wealth",2,6,1139665,3505161,0.000925391317695645,"academic"
"fraction",5,9,1139662,3505158,0.868328768245196,"academic"
"host",7,14,1139660,3505153,0.819171301138043,"academic"
"product",3,5,1139664,3505162,0.660281246161433,"academic"
"level",3,5,1139664,3505162,0.660281246161433,"academic"
"year",3,5,1139664,3505162,0.660281246161433,"academic"
"channel",1,1,1139666,3505166,0.600485556116761,"academic"
"mate",1,1,1139666,3505166,0.600485556116761,"academic"
"collage",1,1,1139666,3505166,0.600485556116761,"academic"
"notice",1,1,1139666,3505166,0.600485556116761,"academic"
"follower",1,1,1139666,3505166,0.600485556116761,"academic"
"balance",1,1,1139666,3505166,0.600485556116761,"academic"
"reduction",1,1,1139666,3505166,0.600485556116761,"academic"
"name",1,1,1139666,3505166,0.600485556116761,"academic"
"principle",1,1,1139666,3505166,0.600485556116761,"academic"
"snap",1,1,1139666,3505166,0.600485556116761,"academic"
"simulacrum",1,1,1139666,3505166,0.600485556116761,"academic"
"projection",1,1,1139666,3505166,0.600485556116761,"academic"
"scarcity",1,1,1139666,3505166,0.600485556116761,"academic"
"mask",1,1,1139666,3505166,0.600485556116761,"academic"
"pupil",1,1,1139666,3505166,0.600485556116761,"academic"
"caricature",1,1,1139666,3505166,0.600485556116761,"academic"
"horror",1,1,1139666,3505166,0.600485556116761,"academic"
"ministry",1,1,1139666,3505166,0.600485556116761,"academic"
"by-product",1,1,1139666,3505166,0.600485556116761,"academic"
"tributary",1,1,1139666,3505166,0.600485556116761,"academic"
"letter",1,1,1139666,3505166,0.600485556116761,"academic"
"presentation",1,1,1139666,3505166,0.600485556116761,"academic"
"ray",1,1,1139666,3505166,0.600485556116761,"academic"
"style",1,1,1139666,3505166,0.600485556116761,"academic"
"declaration",1,1,1139666,3505166,0.600485556116761,"academic"
"standard",1,1,1139666,3505166,0.600485556116761,"academic"
"head",1,1,1139666,3505166,0.600485556116761,"academic"
"flag",1,1,1139666,3505166,0.600485556116761,"academic"
"nightmare",1,1,1139666,3505166,0.600485556116761,"academic"
"student",1,1,1139666,3505166,0.600485556116761,"academic"
"suggestion",1,1,1139666,3505166,0.600485556116761,"academic"
"revival",1,1,1139666,3505166,0.600485556116761,"academic"
"coating",1,1,1139666,3505166,0.600485556116761,"academic"
"spirit",1,1,1139666,3505166,0.600485556116761,"academic"
"misunderstanding",1,1,1139666,3505166,0.600485556116761,"academic"
"thread",1,1,1139666,3505166,0.600485556116761,"academic"
"parcel",1,1,1139666,3505166,0.600485556116761,"academic"
"community",1,1,1139666,3505166,0.600485556116761,"academic"
"reader",1,1,1139666,3505166,0.600485556116761,"academic"
"tenth",2,5,1139665,3505162,0.0594786188335144,"academic"
"flight",2,5,1139665,3505162,0.0594786188335144,"academic"
"reflection",2,5,1139665,3505162,0.0594786188335144,"academic"
"package",2,5,1139665,3505162,0.0594786188335144,"academic"
"meeting",5,10,1139662,3505157,0.585121547137284,"academic"
"time",5,10,1139662,3505157,0.585121547137284,"academic"
"band",2,3,1139665,3505164,0.579066916415393,"academic"
"crisis",2,3,1139665,3505164,0.579066916415393,"academic"
"person",2,3,1139665,3505164,0.579066916415393,"academic"
"tradition",2,3,1139665,3505164,0.579066916415393,"academic"
"sheaf",2,3,1139665,3505164,0.579066916415393,"academic"
"fifth",2,3,1139665,3505164,0.579066916415393,"academic"
"portion",2,3,1139665,3505164,0.579066916415393,"academic"
"guarantee",2,3,1139665,3505164,0.579066916415393,"academic"
"shortage",2,3,1139665,3505164,0.579066916415393,"academic"
"handful",11,26,1139656,3505141,0.516132545079545,"academic"
"word",4,8,1139663,3505159,0.468096914214347,"academic"
"run",1,3,1139666,3505164,0.000462694202074773,"academic"
"house",1,3,1139666,3505164,0.000462694202074773,"academic"
"resurgence",1,3,1139666,3505164,0.000462694202074773,"academic"
"nuisance",1,3,1139666,3505164,0.000462694202074773,"academic"
"failure",1,3,1139666,3505164,0.000462694202074773,"academic"
"plan",1,3,1139666,3505164,0.000462694202074773,"academic"
"promise",1,3,1139666,3505164,0.000462694202074773,"academic"
"biography",1,3,1139666,3505164,0.000462694202074773,"academic"
"transcript",1,3,1139666,3505164,0.000462694202074773,"academic"
"tide",1,3,1139666,3505164,0.000462694202074773,"academic"
"token",1,3,1139666,3505164,0.000462694202074773,"academic"
"school",1,3,1139666,3505164,0.000462694202074773,"academic"
"reminder",1,3,1139666,3505164,0.000462694202074773,"academic"
"smell",1,3,1139666,3505164,0.000462694202074773,"academic"
"resident",1,3,1139666,3505164,0.000462694202074773,"academic"
"bird",1,3,1139666,3505164,0.000462694202074773,"academic"
"circle",1,3,1139666,3505164,0.000462694202074773,"academic"
"family",3,8,1139664,3505159,0.0434391206419583,"academic"
"map",5,11,1139662,3505156,0.368816865479736,"academic"
"code",3,6,1139664,3505161,0.351072441512016,"academic"
"succession",9,22,1139658,3505145,0.325825900236657,"academic"
"choice",4,9,1139663,3505158,0.259185346610659,"academic"
"section",4,9,1139663,3505158,0.259185346610659,"academic"
"mass",4,9,1139663,3505158,0.259185346610659,"academic"
"girl",2,4,1139665,3505163,0.234048133952823,"academic"
"charge",2,4,1139665,3505163,0.234048133952823,"academic"
"parody",2,4,1139665,3505163,0.234048133952823,"academic"
"batch",2,4,1139665,3505163,0.234048133952823,"academic"
"grant",2,4,1139665,3505163,0.234048133952823,"academic"
"catalogue",2,4,1139665,3505163,0.234048133952823,"academic"
"mark",2,4,1139665,3505163,0.234048133952823,"academic"
"possibility",2,4,1139665,3505163,0.234048133952823,"academic"
"chance",4,12,1139663,3505155,0.00185078553259577,"academic"
"programme",3,7,1139664,3505160,0.154075987327113,"academic"
"swarm",1,2,1139666,3505165,0.117023985310011,"academic"
"travesty",1,2,1139666,3505165,0.117023985310011,"academic"
"film",1,2,1139666,3505165,0.117023985310011,"academic"
"refusal",1,2,1139666,3505165,0.117023985310011,"academic"
"storm",1,2,1139666,3505165,0.117023985310011,"academic"
"household",1,2,1139666,3505165,0.117023985310011,"academic"
"trace",1,2,1139666,3505165,0.117023985310011,"academic"
"quality",1,2,1139666,3505165,0.117023985310011,"academic"
"tissue",1,2,1139666,3505165,0.117023985310011,"academic"
"diary",1,2,1139666,3505165,0.117023985310011,"academic"
"creature",1,2,1139666,3505165,0.117023985310011,"academic"
"quantity",1,2,1139666,3505165,0.117023985310011,"academic"
"celebration",1,2,1139666,3505165,0.117023985310011,"academic"
"hail",1,2,1139666,3505165,0.117023985310011,"academic"
"demonstration",1,2,1139666,3505165,0.117023985310011,"academic"
"forest",1,2,1139666,3505165,0.117023985310011,"academic"
"half",1,2,1139666,3505165,0.117023985310011,"academic"
"court",1,2,1139666,3505165,0.117023985310011,"academic"
"month",1,2,1139666,3505165,0.117023985310011,"academic"
"flow",1,2,1139666,3505165,0.117023985310011,"academic"
"colleague",1,2,1139666,3505165,0.117023985310011,"academic"
"drawing",1,2,1139666,3505165,0.117023985310011,"academic"
"profile",1,2,1139666,3505165,0.117023985310011,"academic"
"chunk",1,2,1139666,3505165,0.117023985310011,"academic"
"distrust",1,2,1139666,3505165,0.117023985310011,"academic"
"bill",1,2,1139666,3505165,0.117023985310011,"academic"
"council",1,2,1139666,3505165,0.117023985310011,"academic"
"clash",1,2,1139666,3505165,0.117023985310011,"academic"
"distance",1,2,1139666,3505165,0.117023985310011,"academic"
"tribe",1,2,1139666,3505165,0.117023985310011,"academic"
"wall",1,2,1139666,3505165,0.117023985310011,"academic"
"mood",1,2,1139666,3505165,0.117023985310011,"academic"
"slab",1,2,1139666,3505165,0.117023985310011,"academic"
"sign",5,13,1139662,3505154,0.099328915216752,"academic"
