"Word","Little","Small","c","d","GStat","Association"
"other",59,141,5016,946,282.799960880133,"small"
"only",36,119,5039,968,268.73638804331,"small"
"proximal",0,28,5075,1059,97.7589688453235,"small"
"numerous",4,30,5071,1057,81.6719655070129,"small"
"far",3,19,5072,1068,49.8253613234838,"small"
"wee",2,15,5073,1072,40.6723295219043,"small"
"existing",0,11,5075,1076,38.2616001964086,"small"
"various",6,18,5069,1069,38.0093098349638,"small"
"occasional",1,12,5074,1075,35.0824575469837,"small"
"new",25,28,5050,1059,33.952622484832,"small"
"local",0,9,5075,1078,31.2912083031576,"small"
"remaining",0,8,5075,1079,27.8083085561496,"small"
"certain",5,13,5070,1074,25.8882959138978,"small"
"still",1,9,5074,1078,25.1748098471149,"small"
"single",2,10,5073,1077,24.7321101249893,"small"
"individual",0,7,5075,1080,24.3269373856467,"small"
"similar",0,7,5075,1080,24.3269373856467,"small"
"distal",0,6,5075,1081,20.8470931281863,"small"
"upper",0,6,5075,1081,20.8470931281863,"small"
"normal",3,9,5072,1078,18.9511550989466,"small"
"entire",0,5,5075,1082,17.3687741234583,"small"
"multiple",0,5,5075,1082,17.3687741234583,"small"
"british",0,4,5075,1083,13.8919787143051,"small"
"successful",0,4,5075,1083,13.8919787143051,"small"
"separate",2,6,5073,1081,12.6222720164183,"small"
"typical",1,5,5074,1082,12.3486004907885,"small"
"continual",0,3,5075,1084,10.4167052467076,"small"
"potential",0,3,5075,1084,10.4167052467076,"small"
"recent",0,3,5075,1084,10.4167052467076,"small"
"subcontract",0,3,5075,1084,10.4167052467076,"small"
"independent",3,6,5072,1081,10.548753767876,"small"
"average",1,4,5074,1083,9.2748401861728,"small"
"present",1,4,5074,1083,9.2748401861728,"small"
"countless",4,6,5071,1081,8.93221920093321,"small"
"annual",0,2,5075,1085,6.94295206978045,"small"
"continuous",0,2,5075,1085,6.94295206978045,"small"
"corresponding",0,2,5075,1085,6.94295206978045,"small"
"discerning",0,2,5075,1085,6.94295206978045,"small"
"dynamic",0,2,5075,1085,6.94295206978045,"small"
"employ",0,2,5075,1085,6.94295206978045,"small"
"exceptional",0,2,5075,1085,6.94295206978045,"small"
"giant-slaying",0,2,5075,1085,6.94295206978045,"small"
"graceful",0,2,5075,1085,6.94295206978045,"small"
"grow",0,2,5075,1085,6.94295206978045,"small"
"growing",0,2,5075,1085,6.94295206978045,"small"
"human",0,2,5075,1085,6.94295206978045,"small"
"improve",0,2,5075,1085,6.94295206978045,"small"
"lead",0,2,5075,1085,6.94295206978045,"small"
"mammalian",0,2,5075,1085,6.94295206978045,"small"
"popular",0,2,5075,1085,6.94295206978045,"small"
"possible",0,2,5075,1085,6.94295206978045,"small"
"relative",0,2,5075,1085,6.94295206978045,"small"
"roost",0,2,5075,1085,6.94295206978045,"small"
"royal",0,2,5075,1085,6.94295206978045,"small"
"selected",0,2,5075,1085,6.94295206978045,"small"
"distinctive",1,3,5074,1084,6.30523457778048,"small"
"near",1,3,5074,1084,6.30523457778048,"small"
"original",1,3,5074,1084,6.30523457778048,"small"
"rapid",1,3,5074,1084,6.30523457778048,"small"
"unknown",1,3,5074,1084,6.30523457778048,"small"
"thriving",3,4,5072,1083,5.49213039362932,"small"
"perfect",14,3,5061,1084,5.23886580000923e-07,"small"
"big",2,3,5073,1084,4.46107893823026,"small"
"innumerable",2,3,5073,1084,4.46107893823026,"small"
"usual",4,4,5071,1083,4.34958275098474,"small"
"adjoining",1,2,5074,1085,3.51140227607832,"small"
"attract",1,2,5074,1085,3.51140227607832,"small"
"encouraging",1,2,5074,1085,3.51140227607832,"small"
"general",1,2,5074,1085,3.51140227607832,"small"
"high",1,2,5074,1085,3.51140227607832,"small"
"male",1,2,5074,1085,3.51140227607832,"small"
"scattered",1,2,5074,1085,3.51140227607832,"small"
"10-room",0,1,5075,1086,3.47071753576205,"small"
"169-member",0,1,5075,1086,3.47071753576205,"small"
"abnormal",0,1,5075,1086,3.47071753576205,"small"
"above",0,1,5075,1086,3.47071753576205,"small"
"absorbed",0,1,5075,1086,3.47071753576205,"small"
"abundant",0,1,5075,1086,3.47071753576205,"small"
"accessible",0,1,5075,1086,3.47071753576205,"small"
"additional",0,1,5075,1086,3.47071753576205,"small"
"admirable",0,1,5075,1086,3.47071753576205,"small"
"affordable",0,1,5075,1086,3.47071753576205,"small"
"aggregate",0,1,5075,1086,3.47071753576205,"small"
"alarmed",0,1,5075,1086,3.47071753576205,"small"
"american",0,1,5075,1086,3.47071753576205,"small"
"archetypal",0,1,5075,1086,3.47071753576205,"small"
"ashen-faced",0,1,5075,1086,3.47071753576205,"small"
"assist",0,1,5075,1086,3.47071753576205,"small"
"attendant",0,1,5075,1086,3.47071753576205,"small"
"bankrupt",0,1,5075,1086,3.47071753576205,"small"
"best-selling",0,1,5075,1086,3.47071753576205,"small"
"chop",0,1,5075,1086,3.47071753576205,"small"
"chopped",0,1,5075,1086,3.47071753576205,"small"
"chronic",0,1,5075,1086,3.47071753576205,"small"
"clear",0,1,5075,1086,3.47071753576205,"small"
"clustered",0,1,5075,1086,3.47071753576205,"small"
"commone",0,1,5075,1086,3.47071753576205,"small"
"considerable",0,1,5075,1086,3.47071753576205,"small"
"control",0,1,5075,1086,3.47071753576205,"small"
"crime-hit",0,1,5075,1086,3.47071753576205,"small"
"critical",0,1,5075,1086,3.47071753576205,"small"
"cultured",0,1,5075,1086,3.47071753576205,"small"
"current",0,1,5075,1086,3.47071753576205,"small"
"customary",0,1,5075,1086,3.47071753576205,"small"
"defenceless",0,1,5075,1086,3.47071753576205,"small"
"definite",0,1,5075,1086,3.47071753576205,"small"
"defunct",0,1,5075,1086,3.47071753576205,"small"
"demand",0,1,5075,1086,3.47071753576205,"small"
"dependent",0,1,5075,1086,3.47071753576205,"small"
"depressed",0,1,5075,1086,3.47071753576205,"small"
"derived",0,1,5075,1086,3.47071753576205,"small"
"diagnostic",0,1,5075,1086,3.47071753576205,"small"
"distinct",0,1,5075,1086,3.47071753576205,"small"
"double-sided",0,1,5075,1086,3.47071753576205,"small"
"dutch",0,1,5075,1086,3.47071753576205,"small"
"ebonised",0,1,5075,1086,3.47071753576205,"small"
"eligible",0,1,5075,1086,3.47071753576205,"small"
"enable",0,1,5075,1086,3.47071753576205,"small"
"enclose",0,1,5075,1086,3.47071753576205,"small"
"endoscopic",0,1,5075,1086,3.47071753576205,"small"
"english",0,1,5075,1086,3.47071753576205,"small"
"enhanced",0,1,5075,1086,3.47071753576205,"small"
"equivalent",0,1,5075,1086,3.47071753576205,"small"
"establish",0,1,5075,1086,3.47071753576205,"small"
"european",0,1,5075,1086,3.47071753576205,"small"
"everyday",0,1,5075,1086,3.47071753576205,"small"
"extensive",0,1,5075,1086,3.47071753576205,"small"
"external",0,1,5075,1086,3.47071753576205,"small"
"extinct",0,1,5075,1086,3.47071753576205,"small"
"face",0,1,5075,1086,3.47071753576205,"small"
"fangled",0,1,5075,1086,3.47071753576205,"small"
"fast",0,1,5075,1086,3.47071753576205,"small"
"feed",0,1,5075,1086,3.47071753576205,"small"
"female",0,1,5075,1086,3.47071753576205,"small"
"feverish",0,1,5075,1086,3.47071753576205,"small"
"fill",0,1,5075,1086,3.47071753576205,"small"
"flexible",0,1,5075,1086,3.47071753576205,"small"
"fold",0,1,5075,1086,3.47071753576205,"small"
"fortified",0,1,5075,1086,3.47071753576205,"small"
"four-figure",0,1,5075,1086,3.47071753576205,"small"
"four-ply",0,1,5075,1086,3.47071753576205,"small"
"fractious",0,1,5075,1086,3.47071753576205,"small"
"french",0,1,5075,1086,3.47071753576205,"small"
"frigging",0,1,5075,1086,3.47071753576205,"small"
"gaol",0,1,5075,1086,3.47071753576205,"small"
"gaudy",0,1,5075,1086,3.47071753576205,"small"
"generate",0,1,5075,1086,3.47071753576205,"small"
"german",0,1,5075,1086,3.47071753576205,"small"
"given",0,1,5075,1086,3.47071753576205,"small"
"hang",0,1,5075,1086,3.47071753576205,"small"
"hard-pressed",0,1,5075,1086,3.47071753576205,"small"
"hard-working",0,1,5075,1086,3.47071753576205,"small"
"hardy",0,1,5075,1086,3.47071753576205,"small"
"helped",0,1,5075,1086,3.47071753576205,"small"
"high-priced",0,1,5075,1086,3.47071753576205,"small"
"hypothetical",0,1,5075,1086,3.47071753576205,"small"
"impotent",0,1,5075,1086,3.47071753576205,"small"
"improved",0,1,5075,1086,3.47071753576205,"small"
"incomplete",0,1,5075,1086,3.47071753576205,"small"
"increasing",0,1,5075,1086,3.47071753576205,"small"
"individual/",0,1,5075,1086,3.47071753576205,"small"
"inexpendible",0,1,5075,1086,3.47071753576205,"small"
"inhabit",0,1,5075,1086,3.47071753576205,"small"
"inscribed",0,1,5075,1086,3.47071753576205,"small"
"interdependent",0,1,5075,1086,3.47071753576205,"small"
"interlocking",0,1,5075,1086,3.47071753576205,"small"
"invertebrate",0,1,5075,1086,3.47071753576205,"small"
"iranian",0,1,5075,1086,3.47071753576205,"small"
"joint",0,1,5075,1086,3.47071753576205,"small"
"jovial",0,1,5075,1086,3.47071753576205,"small"
"land-take",0,1,5075,1086,3.47071753576205,"small"
"lawyer-free",0,1,5075,1086,3.47071753576205,"small"
"leith-based",0,1,5075,1086,3.47071753576205,"small"
"lift",0,1,5075,1086,3.47071753576205,"small"
"locally-owned",0,1,5075,1086,3.47071753576205,"small"
"long-billed",0,1,5075,1086,3.47071753576205,"small"
"lose",0,1,5075,1086,3.47071753576205,"small"
"low",0,1,5075,1086,3.47071753576205,"small"
"main",0,1,5075,1086,3.47071753576205,"small"
"match",0,1,5075,1086,3.47071753576205,"small"
"medium",0,1,5075,1086,3.47071753576205,"small"
"mesozoic",0,1,5075,1086,3.47071753576205,"small"
"mid",0,1,5075,1086,3.47071753576205,"small"
"miniature",0,1,5075,1086,3.47071753576205,"small"
"misleading",0,1,5075,1086,3.47071753576205,"small"
"mitochondrial",0,1,5075,1086,3.47071753576205,"small"
"mixed",0,1,5075,1086,3.47071753576205,"small"
"modern",0,1,5075,1086,3.47071753576205,"small"
"multi-user",0,1,5075,1086,3.47071753576205,"small"
"murmuring",0,1,5075,1086,3.47071753576205,"small"
"national",0,1,5075,1086,3.47071753576205,"small"
"non-threatening",0,1,5075,1086,3.47071753576205,"small"
"observed",0,1,5075,1086,3.47071753576205,"small"
"obstructive",0,1,5075,1086,3.47071753576205,"small"
"oncoming",0,1,5075,1086,3.47071753576205,"small"
"one-off",0,1,5075,1086,3.47071753576205,"small"
"open",0,1,5075,1086,3.47071753576205,"small"
"open-ended",0,1,5075,1086,3.47071753576205,"small"
"outleaning",0,1,5075,1086,3.47071753576205,"small"
"outstanding",0,1,5075,1086,3.47071753576205,"small"
"pack",0,1,5075,1086,3.47071753576205,"small"
"paint",0,1,5075,1086,3.47071753576205,"small"
"parliamentary",0,1,5075,1086,3.47071753576205,"small"
"patch",0,1,5075,1086,3.47071753576205,"small"
"perforated",0,1,5075,1086,3.47071753576205,"small"
"permanent",0,1,5075,1086,3.47071753576205,"small"
"poker-playing",0,1,5075,1086,3.47071753576205,"small"
"poorly",0,1,5075,1086,3.47071753576205,"small"
"possess",0,1,5075,1086,3.47071753576205,"small"
"postnatal",0,1,5075,1086,3.47071753576205,"small"
"powered",0,1,5075,1086,3.47071753576205,"small"
"prepared",0,1,5075,1086,3.47071753576205,"small"
"primary",0,1,5075,1086,3.47071753576205,"small"
"prime",0,1,5075,1086,3.47071753576205,"small"
"professional",0,1,5075,1086,3.47071753576205,"small"
"profit-making",0,1,5075,1086,3.47071753576205,"small"
"progressive",0,1,5075,1086,3.47071753576205,"small"
"proposed",0,1,5075,1086,3.47071753576205,"small"
"prospective",0,1,5075,1086,3.47071753576205,"small"
"protect",0,1,5075,1086,3.47071753576205,"small"
"puffing",0,1,5075,1086,3.47071753576205,"small"
"ready",0,1,5075,1086,3.47071753576205,"small"
"receive",0,1,5075,1086,3.47071753576205,"small"
"recurrent",0,1,5075,1086,3.47071753576205,"small"
"refined",0,1,5075,1086,3.47071753576205,"small"
"relaxing",0,1,5075,1086,3.47071753576205,"small"
"relieving",0,1,5075,1086,3.47071753576205,"small"
"remain",0,1,5075,1086,3.47071753576205,"small"
"repeat",0,1,5075,1086,3.47071753576205,"small"
"repeated",0,1,5075,1086,3.47071753576205,"small"
"representative",0,1,5075,1086,3.47071753576205,"small"
"reputable",0,1,5075,1086,3.47071753576205,"small"
"retired",0,1,5075,1086,3.47071753576205,"small"
"returning",0,1,5075,1086,3.47071753576205,"small"
"rob",0,1,5075,1086,3.47071753576205,"small"
"robust",0,1,5075,1086,3.47071753576205,"small"
"routine",0,1,5075,1086,3.47071753576205,"small"
"run",0,1,5075,1086,3.47071753576205,"small"
"rural",0,1,5075,1086,3.47071753576205,"small"
"save",0,1,5075,1086,3.47071753576205,"small"
"scatter",0,1,5075,1086,3.47071753576205,"small"
"scottish",0,1,5075,1086,3.47071753576205,"small"
"scrupulous",0,1,5075,1086,3.47071753576205,"small"
"seem",0,1,5075,1086,3.47071753576205,"small"
"selective",0,1,5075,1086,3.47071753576205,"small"
"self-defined",0,1,5075,1086,3.47071753576205,"small"
"self-employed",0,1,5075,1086,3.47071753576205,"small"
"semidominant",0,1,5075,1086,3.47071753576205,"small"
"shamefaced",0,1,5075,1086,3.47071753576205,"small"
"shapely",0,1,5075,1086,3.47071753576205,"small"
"shift",0,1,5075,1086,3.47071753576205,"small"
"shoaling",0,1,5075,1086,3.47071753576205,"small"
"sickbed",0,1,5075,1086,3.47071753576205,"small"
"smooth",0,1,5075,1086,3.47071753576205,"small"
"sophisticated",0,1,5075,1086,3.47071753576205,"small"
"speak",0,1,5075,1086,3.47071753576205,"small"
"spirited",0,1,5075,1086,3.47071753576205,"small"
"split",0,1,5075,1086,3.47071753576205,"small"
"spontaneous",0,1,5075,1086,3.47071753576205,"small"
"sporadic",0,1,5075,1086,3.47071753576205,"small"
"sport",0,1,5075,1086,3.47071753576205,"small"
"spread",0,1,5075,1086,3.47071753576205,"small"
"staid",0,1,5075,1086,3.47071753576205,"small"
"stand",0,1,5075,1086,3.47071753576205,"small"
"stark",0,1,5075,1086,3.47071753576205,"small"
"statutory",0,1,5075,1086,3.47071753576205,"small"
"stay",0,1,5075,1086,3.47071753576205,"small"
"strangling",0,1,5075,1086,3.47071753576205,"small"
"stressed",0,1,5075,1086,3.47071753576205,"small"
"struggling",0,1,5075,1086,3.47071753576205,"small"
"successive",0,1,5075,1086,3.47071753576205,"small"
"suffering",0,1,5075,1086,3.47071753576205,"small"
"sufficient",0,1,5075,1086,3.47071753576205,"small"
"suitable",0,1,5075,1086,3.47071753576205,"small"
"summed",0,1,5075,1086,3.47071753576205,"small"
"support",0,1,5075,1086,3.47071753576205,"small"
"supporting",0,1,5075,1086,3.47071753576205,"small"
"surrounding",0,1,5075,1086,3.47071753576205,"small"
"tax",0,1,5075,1086,3.47071753576205,"small"
"tell-tale",0,1,5075,1086,3.47071753576205,"small"
"then",0,1,5075,1086,3.47071753576205,"small"
"threaten",0,1,5075,1086,3.47071753576205,"small"
"tortured",0,1,5075,1086,3.47071753576205,"small"
"transplant",0,1,5075,1086,3.47071753576205,"small"
"ultimate",0,1,5075,1086,3.47071753576205,"small"
"undescribed",0,1,5075,1086,3.47071753576205,"small"
"unified",0,1,5075,1086,3.47071753576205,"small"
"unmistakable",0,1,5075,1086,3.47071753576205,"small"
"unrecognisable",0,1,5075,1086,3.47071753576205,"small"
"unspecified",0,1,5075,1086,3.47071753576205,"small"
"unwanted",0,1,5075,1086,3.47071753576205,"small"
"useless",0,1,5075,1086,3.47071753576205,"small"
"wanting",0,1,5075,1086,3.47071753576205,"small"
"well-defined",0,1,5075,1086,3.47071753576205,"small"
"wheeled",0,1,5075,1086,3.47071753576205,"small"
"working",0,1,5075,1086,3.47071753576205,"small"
"worldwide",0,1,5075,1086,3.47071753576205,"small"
"woven",0,1,5075,1086,3.47071753576205,"small"
"fine",5,4,5070,1083,3.46179244935339,"small"
"attractive",16,8,5059,1079,3.43331392715547,"small"
"particular",3,3,5072,1084,3.26077872570937,"small"
"sudden",3,3,5072,1084,3.26077872570937,"small"
"regular",4,3,5071,1084,2.40525014620618,"small"
"enterprising",2,2,5073,1085,2.17291449573211,"small"
"ideal",2,2,5073,1085,2.17291449573211,"small"
"late",2,2,5073,1085,2.17291449573211,"small"
"old",2,2,5073,1085,2.17291449573211,"small"
"unusual",2,2,5073,1085,2.17291449573211,"small"
"whole",2,2,5073,1085,2.17291449573211,"small"
"extra",8,4,5067,1083,1.71266704922308,"small"
"easy",3,2,5072,1085,1.37564938774966,"small"
"final",3,2,5072,1085,1.37564938774966,"small"
"great",13,5,5062,1082,1.12915559510244,"small"
"bulky",1,1,5074,1086,1.08598870491238,"small"
"cautious",1,1,5074,1086,1.08598870491238,"small"
"clean",1,1,5074,1086,1.08598870491238,"small"
"complete",1,1,5074,1086,1.08598870491238,"small"
"delectable",1,1,5074,1086,1.08598870491238,"small"
"drive",1,1,5074,1086,1.08598870491238,"small"
"early",1,1,5074,1086,1.08598870491238,"small"
"engaging",1,1,5074,1086,1.08598870491238,"small"
"firm",1,1,5074,1086,1.08598870491238,"small"
"fledgling",1,1,5074,1086,1.08598870491238,"small"
"fleeing",1,1,5074,1086,1.08598870491238,"small"
"formal",1,1,5074,1086,1.08598870491238,"small"
"idyllic",1,1,5074,1086,1.08598870491238,"small"
"impenetrable",1,1,5074,1086,1.08598870491238,"small"
"informal",1,1,5074,1086,1.08598870491238,"small"
"intermittent",1,1,5074,1086,1.08598870491238,"small"
"magical",1,1,5074,1086,1.08598870491238,"small"
"massive",1,1,5074,1086,1.08598870491238,"small"
"mere",1,1,5074,1086,1.08598870491238,"small"
"overall",1,1,5074,1086,1.08598870491238,"small"
"potty",1,1,5074,1086,1.08598870491238,"small"
"reveal",1,1,5074,1086,1.08598870491238,"small"
"seductive",1,1,5074,1086,1.08598870491238,"small"
"solemn-faced",1,1,5074,1086,1.08598870491238,"small"
"stimulating",1,1,5074,1086,1.08598870491238,"small"
"top",1,1,5074,1086,1.08598870491238,"small"
"treacherous",1,1,5074,1086,1.08598870491238,"small"
"trusting",1,1,5074,1086,1.08598870491238,"small"
"used",1,1,5074,1086,1.08598870491238,"small"
"weary",1,1,5074,1086,1.08598870491238,"small"
"year-old",1,1,5074,1086,1.08598870491238,"small"
"yellow",1,1,5074,1086,1.08598870491238,"small"
"excellent",5,2,5070,1085,0.505548542637192,"small"
"exquisite",5,2,5070,1085,0.505548542637192,"small"
"affected",2,1,5073,1086,0.427421799791776,"small"
"colourful",2,1,5073,1086,0.427421799791776,"small"
"devoted",2,1,5073,1086,0.427421799791776,"small"
"effective",2,1,5073,1086,0.427421799791776,"small"
"empty",2,1,5073,1086,0.427421799791776,"small"
"endless",2,1,5073,1086,0.427421799791776,"small"
"intense",2,1,5073,1086,0.427421799791776,"small"
"nearby",2,1,5073,1086,0.427421799791776,"small"
"significant",2,1,5073,1086,0.427421799791776,"small"
"traditional",2,1,5073,1086,0.427421799791776,"small"
"trivial",2,1,5073,1086,0.427421799791776,"small"
"worried",2,1,5073,1086,0.427421799791776,"small"
"special",8,2,5067,1085,0.0371309989692937,"small"
"interesting",17,4,5058,1083,0.0281481889378389,"small"
"real",6,2,5069,1085,0.271843126287338,"small"
"elegant",9,2,5066,1085,0.00220600472917548,"small"
"give",4,1,5071,1086,0.0185499119821753,"small"
"important",4,1,5071,1086,0.0185499119821753,"small"
"light",4,1,5071,1086,0.0185499119821753,"small"
"narrow",4,1,5071,1086,0.0185499119821753,"small"
"soft",4,1,5071,1086,0.0185499119821753,"small"
"different",3,1,5072,1086,0.135824551012376,"small"
"excited",3,1,5072,1086,0.135824551012376,"small"
"expensive",3,1,5072,1086,0.135824551012376,"small"
"famous",3,1,5072,1086,0.135824551012376,"small"
"nagging",3,1,5072,1086,0.135824551012376,"small"
"remote",3,1,5072,1086,0.135824551012376,"small"
"white",3,1,5072,1086,0.135824551012376,"small"
"comfortable",7,2,5068,1085,0.122446077773198,"small"
"picturesque",7,2,5068,1085,0.122446077773198,"small"
"nice",356,4,4719,1083,112.245822605119,"little"
"poor",248,0,4827,1087,98.4646896279873,"little"
"pretty",119,0,4956,1087,46.689178382342,"little"
"tiny",95,0,4980,1087,37.1915455741194,"little"
"nasty",60,0,5015,1087,23.4150253761548,"little"
"funny",67,1,5008,1086,19.187945266749,"little"
"dear",47,0,5028,1087,18.3202567217057,"little"
"sweet",42,0,5033,1087,16.3639152525722,"little"
"silly",59,1,5016,1086,16.3022395509113,"little"
"lovely",92,5,4983,1082,13.8350952209413,"little"
"tight",33,0,5042,1087,12.846945001095,"little"
"dirty",31,0,5044,1087,12.0661705652075,"little"
"neat",57,2,5018,1085,11.6750336724311,"little"
"strange",28,0,5047,1087,10.8955360952837,"little"
"cosy",26,0,5049,1087,10.1154642751384,"little"
"tough",25,0,5050,1087,9.72553363694248,"little"
"sad",38,1,5037,1086,8.95719709466778,"little"
"hard",23,0,5052,1087,8.94588277765997,"little"
"little",23,0,5052,1087,8.94588277765997,"little"
"fat",22,0,5053,1087,8.55616250595978,"little"
"brave",21,0,5054,1087,8.16651230583541,"little"
"cute",20,0,5055,1087,7.77693215201324,"little"
"bright",19,0,5056,1087,7.38742201923345,"little"
"clever",19,0,5056,1087,7.38742201923345,"little"
"pathetic",18,0,5057,1087,6.99798188225173,"little"
"proper",18,0,5057,1087,6.99798188225173,"little"
"stiff",18,0,5057,1087,6.99798188225173,"little"
"quiet",31,1,5044,1086,6.62690911643061,"little"
"poky",17,0,5058,1087,6.60861171583468,"little"
"stupid",29,1,5046,1086,5.97827458866354,"little"
"innocent",15,0,5060,1087,5.83008119384153,"little"
"sleepy",15,0,5060,1087,5.83008119384153,"little"
"wry",15,0,5060,1087,5.83008119384153,"little"
"cheap",14,0,5061,1087,5.44092078787048,"little"
"skinny",14,0,5061,1087,5.44092078787048,"little"
"grubby",13,0,5062,1087,5.05183025167401,"little"
"hot",13,0,5062,1087,5.05183025167401,"little"
"modest",13,0,5062,1087,5.05183025167401,"little"
"rotten",13,0,5062,1087,5.05183025167401,"little"
"shy",13,0,5062,1087,5.05183025167401,"little"
"thin",13,0,5062,1087,5.05183025167401,"little"
"frightened",12,0,5063,1087,4.66280956009145,"little"
"dry",11,0,5064,1087,4.27385868797031,"little"
"naughty",11,0,5064,1087,4.27385868797031,"little"
"plump",11,0,5064,1087,4.27385868797031,"little"
"curious",10,0,5065,1087,3.88497761017584,"little"
"helpless",10,0,5065,1087,3.88497761017584,"little"
"horrible",10,0,5065,1087,3.88497761017584,"little"
"cheeky",22,1,5053,1086,3.79286015917595,"little"
"sharp",30,2,5045,1085,3.63664978882943,"little"
"cocky",9,0,5066,1087,3.49616630158791,"little"
"filthy",9,0,5066,1087,3.49616630158791,"little"
"lucky",9,0,5066,1087,3.49616630158791,"little"
"plucky",9,0,5066,1087,3.49616630158791,"little"
"shaky",9,0,5066,1087,3.49616630158791,"little"
"happy",21,1,5054,1086,3.49447611354406,"little"
"odd",29,2,5046,1085,3.37829701682825,"little"
"delightful",20,1,5055,1086,3.20049576073665,"little"
"ugly",20,1,5055,1086,3.20049576073665,"little"
"bitter",8,0,5067,1087,3.1074247370935,"little"
"bleak",8,0,5067,1087,3.1074247370935,"little"
"cunning",8,0,5067,1087,3.1074247370935,"little"
"delicate",8,0,5067,1087,3.1074247370935,"little"
"determined",8,0,5067,1087,3.1074247370935,"little"
"gentle",8,0,5067,1087,3.1074247370935,"little"
"greedy",8,0,5067,1087,3.1074247370935,"little"
"grim",8,0,5067,1087,3.1074247370935,"little"
"grotty",8,0,5067,1087,3.1074247370935,"little"
"handsome",8,0,5067,1087,3.1074247370935,"little"
"lively",8,0,5067,1087,3.1074247370935,"little"
"mocking",8,0,5067,1087,3.1074247370935,"little"
"quick",8,0,5067,1087,3.1074247370935,"little"
"smug",8,0,5067,1087,3.1074247370935,"little"
"snug",8,0,5067,1087,3.1074247370935,"little"
"vicious",8,0,5067,1087,3.1074247370935,"little"
"wicked",8,0,5067,1087,3.1074247370935,"little"
"right",19,1,5056,1086,2.91135296317984,"little"
"amusing",7,0,5068,1087,2.71875289160124,"little"
"awful",7,0,5068,1087,2.71875289160124,"little"
"cold",7,0,5068,1087,2.71875289160124,"little"
"dreary",7,0,5068,1087,2.71875289160124,"little"
"dull",7,0,5068,1087,2.71875289160124,"little"
"ghastly",7,0,5068,1087,2.71875289160124,"little"
"grand",7,0,5068,1087,2.71875289160124,"little"
"handy",7,0,5068,1087,2.71875289160124,"little"
"harmless",7,0,5068,1087,2.71875289160124,"little"
"horrid",7,0,5068,1087,2.71875289160124,"little"
"mad",7,0,5068,1087,2.71875289160124,"little"
"nifty",7,0,5068,1087,2.71875289160124,"little"
"niggling",7,0,5068,1087,2.71875289160124,"little"
"seedy",7,0,5068,1087,2.71875289160124,"little"
"sordid",7,0,5068,1087,2.71875289160124,"little"
"tender",7,0,5068,1087,2.71875289160124,"little"
"cheerful",6,0,5069,1087,2.33015074002591,"little"
"dainty",6,0,5069,1087,2.33015074002591,"little"
"decent",6,0,5069,1087,2.33015074002591,"little"
"delicious",6,0,5069,1087,2.33015074002591,"little"
"fetching",6,0,5069,1087,2.33015074002591,"little"
"fiddly",6,0,5069,1087,2.33015074002591,"little"
"mean",6,0,5069,1087,2.33015074002591,"little"
"mysterious",6,0,5069,1087,2.33015074002591,"little"
"nippy",6,0,5069,1087,2.33015074002591,"little"
"obscure",6,0,5069,1087,2.33015074002591,"little"
"petty",6,0,5069,1087,2.33015074002591,"little"
"plain",6,0,5069,1087,2.33015074002591,"little"
"pleasing",6,0,5069,1087,2.33015074002591,"little"
"puny",6,0,5069,1087,2.33015074002591,"little"
"scruffy",6,0,5069,1087,2.33015074002591,"little"
"shabby",6,0,5069,1087,2.33015074002591,"little"
"smart",6,0,5069,1087,2.33015074002591,"little"
"solid",6,0,5069,1087,2.33015074002591,"little"
"stocky",6,0,5069,1087,2.33015074002591,"little"
"tired",6,0,5069,1087,2.33015074002591,"little"
"unhappy",6,0,5069,1087,2.33015074002591,"little"
"wiry",6,0,5069,1087,2.33015074002591,"little"
"wizened",6,0,5069,1087,2.33015074002591,"little"
"friendly",16,1,5059,1086,2.07841414883154,"little"
"pleasant",16,1,5059,1086,2.07841414883154,"little"
"awkward",5,0,5070,1087,1.94161825730181,"little"
"bloody",5,0,5070,1087,1.94161825730181,"little"
"brief",5,0,5070,1087,1.94161825730181,"little"
"brilliant",5,0,5070,1087,1.94161825730181,"little"
"cramped",5,0,5070,1087,1.94161825730181,"little"
"daft",5,0,5070,1087,1.94161825730181,"little"
"devious",5,0,5070,1087,1.94161825730181,"little"
"discreet",5,0,5070,1087,1.94161825730181,"little"
"drab",5,0,5070,1087,1.94161825730181,"little"
"dreadful",5,0,5070,1087,1.94161825730181,"little"
"evil",5,0,5070,1087,1.94161825730181,"little"
"fierce",5,0,5070,1087,1.94161825730181,"little"
"foul",5,0,5070,1087,1.94161825730181,"little"
"healthy",5,0,5070,1087,1.94161825730181,"little"
"humble",5,0,5070,1087,1.94161825730181,"little"
"hungry",5,0,5070,1087,1.94161825730181,"little"
"intriguing",5,0,5070,1087,1.94161825730181,"little"
"irritating",5,0,5070,1087,1.94161825730181,"little"
"jolly",5,0,5070,1087,1.94161825730181,"little"
"pale",5,0,5070,1087,1.94161825730181,"little"
"pert",5,0,5070,1087,1.94161825730181,"little"
"piddling",5,0,5070,1087,1.94161825730181,"little"
"safe",5,0,5070,1087,1.94161825730181,"little"
"secret",5,0,5070,1087,1.94161825730181,"little"
"stout",5,0,5070,1087,1.94161825730181,"little"
"superb",5,0,5070,1087,1.94161825730181,"little"
"timid",5,0,5070,1087,1.94161825730181,"little"
"touching",5,0,5070,1087,1.94161825730181,"little"
"tubby",5,0,5070,1087,1.94161825730181,"little"
"warm",5,0,5070,1087,1.94161825730181,"little"
"weak",5,0,5070,1087,1.94161825730181,"little"
"useful",14,1,5061,1086,1.55918800120617,"little"
"'orrible",4,0,5071,1087,1.55315541837226,"little"
"absurd",4,0,5071,1087,1.55315541837226,"little"
"angry",4,0,5071,1087,1.55315541837226,"little"
"annoying",4,0,5071,1087,1.55315541837226,"little"
"anxious",4,0,5071,1087,1.55315541837226,"little"
"arrogant",4,0,5071,1087,1.55315541837226,"little"
"bonny",4,0,5071,1087,1.55315541837226,"little"
"bustling",4,0,5071,1087,1.55315541837226,"little"
"chubby",4,0,5071,1087,1.55315541837226,"little"
"creepy",4,0,5071,1087,1.55315541837226,"little"
"crooked",4,0,5071,1087,1.55315541837226,"little"
"cynical",4,0,5071,1087,1.55315541837226,"little"
"dapper",4,0,5071,1087,1.55315541837226,"little"
"darling",4,0,5071,1087,1.55315541837226,"little"
"disgusting",4,0,5071,1087,1.55315541837226,"little"
"dodgy",4,0,5071,1087,1.55315541837226,"little"
"funky",4,0,5071,1087,1.55315541837226,"little"
"greasy",4,0,5071,1087,1.55315541837226,"little"
"green",4,0,5071,1087,1.55315541837226,"little"
"gullible",4,0,5071,1087,1.55315541837226,"little"
"homely",4,0,5071,1087,1.55315541837226,"little"
"hopeless",4,0,5071,1087,1.55315541837226,"little"
"ignorant",4,0,5071,1087,1.55315541837226,"little"
"impressive",4,0,5071,1087,1.55315541837226,"little"
"insignificant",4,0,5071,1087,1.55315541837226,"little"
"lovable",4,0,5071,1087,1.55315541837226,"little"
"manipulative",4,0,5071,1087,1.55315541837226,"little"
"mucky",4,0,5071,1087,1.55315541837226,"little"
"obnoxious",4,0,5071,1087,1.55315541837226,"little"
"peaceful",4,0,5071,1087,1.55315541837226,"little"
"playful",4,0,5071,1087,1.55315541837226,"little"
"poisonous",4,0,5071,1087,1.55315541837226,"little"
"portly",4,0,5071,1087,1.55315541837226,"little"
"poxy",4,0,5071,1087,1.55315541837226,"little"
"provocative",4,0,5071,1087,1.55315541837226,"little"
"queer",4,0,5071,1087,1.55315541837226,"little"
"revolting",4,0,5071,1087,1.55315541837226,"little"
"rugged",4,0,5071,1087,1.55315541837226,"little"
"saucy",4,0,5071,1087,1.55315541837226,"little"
"savage",4,0,5071,1087,1.55315541837226,"little"
"sexy",4,0,5071,1087,1.55315541837226,"little"
"sociable",4,0,5071,1087,1.55315541837226,"little"
"soppy",4,0,5071,1087,1.55315541837226,"little"
"spoilt",4,0,5071,1087,1.55315541837226,"little"
"squat",4,0,5071,1087,1.55315541837226,"little"
"sticky",4,0,5071,1087,1.55315541837226,"little"
"super",4,0,5071,1087,1.55315541837226,"little"
"trim",4,0,5071,1087,1.55315541837226,"little"
"ungrateful",4,0,5071,1087,1.55315541837226,"little"
"unimportant",4,0,5071,1087,1.55315541837226,"little"
"unique",4,0,5071,1087,1.55315541837226,"little"
"weedy",4,0,5071,1087,1.55315541837226,"little"
"wild",4,0,5071,1087,1.55315541837226,"little"
"wintry",4,0,5071,1087,1.55315541837226,"little"
"dark",13,1,5062,1086,1.31340164266797,"little"
"active",3,0,5072,1087,1.16476219819899,"little"
"adorable",3,0,5072,1087,1.16476219819899,"little"
"ambitious",3,0,5072,1087,1.16476219819899,"little"
"apologetic",3,0,5072,1087,1.16476219819899,"little"
"battered",3,0,5072,1087,1.16476219819899,"little"
"black",3,0,5072,1087,1.16476219819899,"little"
"canny",3,0,5072,1087,1.16476219819899,"little"
"careful",3,0,5072,1087,1.16476219819899,"little"
"chaste",3,0,5072,1087,1.16476219819899,"little"
"cluttered",3,0,5072,1087,1.16476219819899,"little"
"comforting",3,0,5072,1087,1.16476219819899,"little"
"crazy",3,0,5072,1087,1.16476219819899,"little"
"cryptic",3,0,5072,1087,1.16476219819899,"little"
"defiant",3,0,5072,1087,1.16476219819899,"little"
"dignified",3,0,5072,1087,1.16476219819899,"little"
"dingy",3,0,5072,1087,1.16476219819899,"little"
"eager",3,0,5072,1087,1.16476219819899,"little"
"fancy",3,0,5072,1087,1.16476219819899,"little"
"foolish",3,0,5072,1087,1.16476219819899,"little"
"frigid",3,0,5072,1087,1.16476219819899,"little"
"fun",3,0,5072,1087,1.16476219819899,"little"
"gallant",3,0,5072,1087,1.16476219819899,"little"
"good-looking",3,0,5072,1087,1.16476219819899,"little"
"gorgeous",3,0,5072,1087,1.16476219819899,"little"
"grimy",3,0,5072,1087,1.16476219819899,"little"
"helpful",3,0,5072,1087,1.16476219819899,"little"
"husky",3,0,5072,1087,1.16476219819899,"little"
"inquisitive",3,0,5072,1087,1.16476219819899,"little"
"intimate",3,0,5072,1087,1.16476219819899,"little"
"intricate",3,0,5072,1087,1.16476219819899,"little"
"ironic",3,0,5072,1087,1.16476219819899,"little"
"jumped-up",3,0,5072,1087,1.16476219819899,"little"
"lazy",3,0,5072,1087,1.16476219819899,"little"
"left",3,0,5072,1087,1.16476219819899,"little"
"lonely",3,0,5072,1087,1.16476219819899,"little"
"marvellous",3,0,5072,1087,1.16476219819899,"little"
"meagre",3,0,5072,1087,1.16476219819899,"little"
"mercenary",3,0,5072,1087,1.16476219819899,"little"
"natty",3,0,5072,1087,1.16476219819899,"little"
"na√Øve",3,0,5072,1087,1.16476219819899,"little"
"peculiar",3,0,5072,1087,1.16476219819899,"little"
"perky",3,0,5072,1087,1.16476219819899,"little"
"proud",3,0,5072,1087,1.16476219819899,"little"
"ragged",3,0,5072,1087,1.16476219819899,"little"
"randy",3,0,5072,1087,1.16476219819899,"little"
"rich",3,0,5072,1087,1.16476219819899,"little"
"scrawny",3,0,5072,1087,1.16476219819899,"little"
"sensitive",3,0,5072,1087,1.16476219819899,"little"
"serious",3,0,5072,1087,1.16476219819899,"little"
"short",3,0,5072,1087,1.16476219819899,"little"
"shrill",3,0,5072,1087,1.16476219819899,"little"
"slim",3,0,5072,1087,1.16476219819899,"little"
"smashing",3,0,5072,1087,1.16476219819899,"little"
"smelly",3,0,5072,1087,1.16476219819899,"little"
"snivelling",3,0,5072,1087,1.16476219819899,"little"
"steep",3,0,5072,1087,1.16476219819899,"little"
"stuffy",3,0,5072,1087,1.16476219819899,"little"
"stunted",3,0,5072,1087,1.16476219819899,"little"
"swift",3,0,5072,1087,1.16476219819899,"little"
"tasty",3,0,5072,1087,1.16476219819899,"little"
"tatty",3,0,5072,1087,1.16476219819899,"little"
"tricky",3,0,5072,1087,1.16476219819899,"little"
"unassuming",3,0,5072,1087,1.16476219819899,"little"
"unpleasant",3,0,5072,1087,1.16476219819899,"little"
"well-behaved",3,0,5072,1087,1.16476219819899,"little"
"witty",3,0,5072,1087,1.16476219819899,"little"
"beautiful",32,6,5043,1081,0.0927686990164343,"little"
"charming",24,3,5051,1084,0.892024840776573,"little"
"fascinating",11,1,5064,1086,0.856938880237878,"little"
"ordinary",11,1,5064,1086,0.856938880237878,"little"
"adoring",2,0,5073,1087,0.776438571752389,"little"
"aggressive",2,0,5073,1087,0.776438571752389,"little"
"amazing",2,0,5073,1087,0.776438571752389,"little"
"amused",2,0,5073,1087,0.776438571752389,"little"
"ancient",2,0,5073,1087,0.776438571752389,"little"
"angelic",2,0,5073,1087,0.776438571752389,"little"
"astute",2,0,5073,1087,0.776438571752389,"little"
"bare",2,0,5073,1087,0.776438571752389,"little"
"beastly",2,0,5073,1087,0.776438571752389,"little"
"bird-like",2,0,5073,1087,0.776438571752389,"little"
"bland",2,0,5073,1087,0.776438571752389,"little"
"blonde-haired",2,0,5073,1087,0.776438571752389,"little"
"bloodthirsty",2,0,5073,1087,0.776438571752389,"little"
"brainless",2,0,5073,1087,0.776438571752389,"little"
"brazen",2,0,5073,1087,0.776438571752389,"little"
"bristly",2,0,5073,1087,0.776438571752389,"little"
"bumptious",2,0,5073,1087,0.776438571752389,"little"
"cammy",2,0,5073,1087,0.776438571752389,"little"
"cheery",2,0,5073,1087,0.776438571752389,"little"
"chic",2,0,5073,1087,0.776438571752389,"little"
"classic",2,0,5073,1087,0.776438571752389,"little"
"coarse",2,0,5073,1087,0.776438571752389,"little"
"coloured",2,0,5073,1087,0.776438571752389,"little"
"confident",2,0,5073,1087,0.776438571752389,"little"
"confused",2,0,5073,1087,0.776438571752389,"little"
"conservative",2,0,5073,1087,0.776438571752389,"little"
"conspicuous",2,0,5073,1087,0.776438571752389,"little"
"constant",2,0,5073,1087,0.776438571752389,"little"
"contemptible",2,0,5073,1087,0.776438571752389,"little"
"contented",2,0,5073,1087,0.776438571752389,"little"
"convenient",2,0,5073,1087,0.776438571752389,"little"
"coy",2,0,5073,1087,0.776438571752389,"little"
"crafty",2,0,5073,1087,0.776438571752389,"little"
"creeping",2,0,5073,1087,0.776438571752389,"little"
"cross",2,0,5073,1087,0.776438571752389,"little"
"damp",2,0,5073,1087,0.776438571752389,"little"
"dangerous",2,0,5073,1087,0.776438571752389,"little"
"defensive",2,0,5073,1087,0.776438571752389,"little"
"demure",2,0,5073,1087,0.776438571752389,"little"
"depressing",2,0,5073,1087,0.776438571752389,"little"
"derisive",2,0,5073,1087,0.776438571752389,"little"
"desperate",2,0,5073,1087,0.776438571752389,"little"
"dim",2,0,5073,1087,0.776438571752389,"little"
"discrete",2,0,5073,1087,0.776438571752389,"little"
"dismal",2,0,5073,1087,0.776438571752389,"little"
"doleful",2,0,5073,1087,0.776438571752389,"little"
"dumpy",2,0,5073,1087,0.776438571752389,"little"
"dusty",2,0,5073,1087,0.776438571752389,"little"
"efficient",2,0,5073,1087,0.776438571752389,"little"
"endearing",2,0,5073,1087,0.776438571752389,"little"
"enthusiastic",2,0,5073,1087,0.776438571752389,"little"
"enticing",2,0,5073,1087,0.776438571752389,"little"
"exciting",2,0,5073,1087,0.776438571752389,"little"
"fanciful",2,0,5073,1087,0.776438571752389,"little"
"favourite",2,0,5073,1087,0.776438571752389,"little"
"feeble",2,0,5073,1087,0.776438571752389,"little"
"feisty",2,0,5073,1087,0.776438571752389,"little"
"fiery",2,0,5073,1087,0.776438571752389,"little"
"fluttery",2,0,5073,1087,0.776438571752389,"little"
"forlorn",2,0,5073,1087,0.776438571752389,"little"
"fresh",2,0,5073,1087,0.776438571752389,"little"
"furry",2,0,5073,1087,0.776438571752389,"little"
"gay",2,0,5073,1087,0.776438571752389,"little"
"gleaming",2,0,5073,1087,0.776438571752389,"little"
"glib",2,0,5073,1087,0.776438571752389,"little"
"gloomy",2,0,5073,1087,0.776438571752389,"little"
"glum",2,0,5073,1087,0.776438571752389,"little"
"good-for-nothing",2,0,5073,1087,0.776438571752389,"little"
"grasp",2,0,5073,1087,0.776438571752389,"little"
"grey",2,0,5073,1087,0.776438571752389,"little"
"haired",2,0,5073,1087,0.776438571752389,"little"
"heartless",2,0,5073,1087,0.776438571752389,"little"
"heavy",2,0,5073,1087,0.776438571752389,"little"
"hollow",2,0,5073,1087,0.776438571752389,"little"
"horny",2,0,5073,1087,0.776438571752389,"little"
"hostile",2,0,5073,1087,0.776438571752389,"little"
"humourless",2,0,5073,1087,0.776438571752389,"little"
"identical",2,0,5073,1087,0.776438571752389,"little"
"ill",2,0,5073,1087,0.776438571752389,"little"
"imaginative",2,0,5073,1087,0.776438571752389,"little"
"immature",2,0,5073,1087,0.776438571752389,"little"
"impoverished",2,0,5073,1087,0.776438571752389,"little"
"incoherent",2,0,5073,1087,0.776438571752389,"little"
"inevitable",2,0,5073,1087,0.776438571752389,"little"
"insidious",2,0,5073,1087,0.776438571752389,"little"
"insolent",2,0,5073,1087,0.776438571752389,"little"
"intelligent",2,0,5073,1087,0.776438571752389,"little"
"jewish",2,0,5073,1087,0.776438571752389,"little"
"knowing",2,0,5073,1087,0.776438571752389,"little"
"like",2,0,5073,1087,0.776438571752389,"little"
"loving",2,0,5073,1087,0.776438571752389,"little"
"lying",2,0,5073,1087,0.776438571752389,"little"
"malicious",2,0,5073,1087,0.776438571752389,"little"
"medicinal",2,0,5073,1087,0.776438571752389,"little"
"meek",2,0,5073,1087,0.776438571752389,"little"
"merry",2,0,5073,1087,0.776438571752389,"little"
"mighty",2,0,5073,1087,0.776438571752389,"little"
"mild-mannered",2,0,5073,1087,0.776438571752389,"little"
"mischievous",2,0,5073,1087,0.776438571752389,"little"
"mournful",2,0,5073,1087,0.776438571752389,"little"
"mousy",2,0,5073,1087,0.776438571752389,"little"
"muddy",2,0,5073,1087,0.776438571752389,"little"
"murky",2,0,5073,1087,0.776438571752389,"little"
"nauseating",2,0,5073,1087,0.776438571752389,"little"
"necessary",2,0,5073,1087,0.776438571752389,"little"
"nondescript",2,0,5073,1087,0.776438571752389,"little"
"observant",2,0,5073,1087,0.776438571752389,"little"
"odious",2,0,5073,1087,0.776438571752389,"little"
"ominous",2,0,5073,1087,0.776438571752389,"little"
"passive",2,0,5073,1087,0.776438571752389,"little"
"persistent",2,0,5073,1087,0.776438571752389,"little"
"personal",2,0,5073,1087,0.776438571752389,"little"
"petulant",2,0,5073,1087,0.776438571752389,"little"
"pious",2,0,5073,1087,0.776438571752389,"little"
"placid",2,0,5073,1087,0.776438571752389,"little"
"pointed",2,0,5073,1087,0.776438571752389,"little"
"pointy",2,0,5073,1087,0.776438571752389,"little"
"pompous",2,0,5073,1087,0.776438571752389,"little"
"precise",2,0,5073,1087,0.776438571752389,"little"
"prim",2,0,5073,1087,0.776438571752389,"little"
"pushy",2,0,5073,1087,0.776438571752389,"little"
"puzzled",2,0,5073,1087,0.776438571752389,"little"
"puzzling",2,0,5073,1087,0.776438571752389,"little"
"regretful",2,0,5073,1087,0.776438571752389,"little"
"remarkable",2,0,5073,1087,0.776438571752389,"little"
"reptilian",2,0,5073,1087,0.776438571752389,"little"
"rocky",2,0,5073,1087,0.776438571752389,"little"
"roly-poly",2,0,5073,1087,0.776438571752389,"little"
"romantic",2,0,5073,1087,0.776438571752389,"little"
"round",2,0,5073,1087,0.776438571752389,"little"
"rueful",2,0,5073,1087,0.776438571752389,"little"
"rusty",2,0,5073,1087,0.776438571752389,"little"
"satisfying",2,0,5073,1087,0.776438571752389,"little"
"scraggy",2,0,5073,1087,0.776438571752389,"little"
"scrappy",2,0,5073,1087,0.776438571752389,"little"
"secluded",2,0,5073,1087,0.776438571752389,"little"
"self-important",2,0,5073,1087,0.776438571752389,"little"
"selfish",2,0,5073,1087,0.776438571752389,"little"
"sensible",2,0,5073,1087,0.776438571752389,"little"
"sensuous",2,0,5073,1087,0.776438571752389,"little"
"shameful",2,0,5073,1087,0.776438571752389,"little"
"shiny",2,0,5073,1087,0.776438571752389,"little"
"shitty",2,0,5073,1087,0.776438571752389,"little"
"shocked",2,0,5073,1087,0.776438571752389,"little"
"shoddy",2,0,5073,1087,0.776438571752389,"little"
"shrewd",2,0,5073,1087,0.776438571752389,"little"
"sinister",2,0,5073,1087,0.776438571752389,"little"
"slow",2,0,5073,1087,0.776438571752389,"little"
"sly",2,0,5073,1087,0.776438571752389,"little"
"smoky",2,0,5073,1087,0.776438571752389,"little"
"snazzy",2,0,5073,1087,0.776438571752389,"little"
"sorry",2,0,5073,1087,0.776438571752389,"little"
"spiny",2,0,5073,1087,0.776438571752389,"little"
"splendid",2,0,5073,1087,0.776438571752389,"little"
"spotted",2,0,5073,1087,0.776438571752389,"little"
"squalid",2,0,5073,1087,0.776438571752389,"little"
"squeaky",2,0,5073,1087,0.776438571752389,"little"
"steamy",2,0,5073,1087,0.776438571752389,"little"
"stick",2,0,5073,1087,0.776438571752389,"little"
"straggly",2,0,5073,1087,0.776438571752389,"little"
"straight",2,0,5073,1087,0.776438571752389,"little"
"stringy",2,0,5073,1087,0.776438571752389,"little"
"stubborn",2,0,5073,1087,0.776438571752389,"little"
"stuck-up",2,0,5073,1087,0.776438571752389,"little"
"sunny",2,0,5073,1087,0.776438571752389,"little"
"sure",2,0,5073,1087,0.776438571752389,"little"
"surprised",2,0,5073,1087,0.776438571752389,"little"
"suspicious",2,0,5073,1087,0.776438571752389,"little"
"tedious",2,0,5073,1087,0.776438571752389,"little"
"tempting",2,0,5073,1087,0.776438571752389,"little"
"terrible",2,0,5073,1087,0.776438571752389,"little"
"thieving",2,0,5073,1087,0.776438571752389,"little"
"tinny",2,0,5073,1087,0.776438571752389,"little"
"titchy",2,0,5073,1087,0.776438571752389,"little"
"triumphant",2,0,5073,1087,0.776438571752389,"little"
"twee",2,0,5073,1087,0.776438571752389,"little"
"twisted",2,0,5073,1087,0.776438571752389,"little"
"undistinguished",2,0,5073,1087,0.776438571752389,"little"
"uninteresting",2,0,5073,1087,0.776438571752389,"little"
"unpretentious",2,0,5073,1087,0.776438571752389,"little"
"urgent",2,0,5073,1087,0.776438571752389,"little"
"wan",2,0,5073,1087,0.776438571752389,"little"
"windowless",2,0,5073,1087,0.776438571752389,"little"
"worthless",2,0,5073,1087,0.776438571752389,"little"
"yield",2,0,5073,1087,0.776438571752389,"little"
"good",85,17,4990,1070,0.0686752180325083,"little"
"common",10,1,5065,1086,0.650452404491067,"little"
"quaint",10,1,5065,1086,0.650452404491067,"little"
"wonderful",10,1,5065,1086,0.650452404491067,"little"
"boring",6,1,5069,1086,0.0572912931645114,"little"
"noisy",6,1,5069,1086,0.0572912931645114,"little"
"ridiculous",6,1,5069,1086,0.0572912931645114,"little"
"tidy",6,1,5069,1086,0.0572912931645114,"little"
"simple",16,3,5059,1084,0.0462449544804854,"little"
"compact",9,1,5066,1086,0.462300867287361,"little"
"miserable",9,1,5066,1086,0.462300867287361,"little"
"cool",5,1,5070,1086,0.00397764637257086,"little"
"enchanting",5,1,5070,1086,0.00397764637257086,"little"
"familiar",5,1,5070,1086,0.00397764637257086,"little"
"fucking",5,1,5070,1086,0.00397764637257086,"little"
"'ard",1,0,5074,1087,0.388184514021214,"little"
"12-l",1,0,5074,1087,0.388184514021214,"little"
"9th-century",1,0,5074,1087,0.388184514021214,"little"
"abandoned",1,0,5074,1087,0.388184514021214,"little"
"absorbing",1,0,5074,1087,0.388184514021214,"little"
"abstract",1,0,5074,1087,0.388184514021214,"little"
"achieve",1,0,5074,1087,0.388184514021214,"little"
"acidic",1,0,5074,1087,0.388184514021214,"little"
"actual",1,0,5074,1087,0.388184514021214,"little"
"acute",1,0,5074,1087,0.388184514021214,"little"
"adequate",1,0,5074,1087,0.388184514021214,"little"
"admiring",1,0,5074,1087,0.388184514021214,"little"
"affectionate",1,0,5074,1087,0.388184514021214,"little"
"affluent",1,0,5074,1087,0.388184514021214,"little"
"aged",1,0,5074,1087,0.388184514021214,"little"
"aggravate",1,0,5074,1087,0.388184514021214,"little"
"aggravating",1,0,5074,1087,0.388184514021214,"little"
"alarming",1,0,5074,1087,0.388184514021214,"little"
"alien",1,0,5074,1087,0.388184514021214,"little"
"alright",1,0,5074,1087,0.388184514021214,"little"
"altered",1,0,5074,1087,0.388184514021214,"little"
"ambiguous",1,0,5074,1087,0.388184514021214,"little"
"anonymous",1,0,5074,1087,0.388184514021214,"little"
"appalling",1,0,5074,1087,0.388184514021214,"little"
"appreciative",1,0,5074,1087,0.388184514021214,"little"
"apprehensive",1,0,5074,1087,0.388184514021214,"little"
"arch",1,0,5074,1087,0.388184514021214,"little"
"argumentative",1,0,5074,1087,0.388184514021214,"little"
"arid",1,0,5074,1087,0.388184514021214,"little"
"assertive",1,0,5074,1087,0.388184514021214,"little"
"austere",1,0,5074,1087,0.388184514021214,"little"
"avaricious",1,0,5074,1087,0.388184514021214,"little"
"backsliding",1,0,5074,1087,0.388184514021214,"little"
"bad-mannered",1,0,5074,1087,0.388184514021214,"little"
"bad-tempered",1,0,5074,1087,0.388184514021214,"little"
"baldy",1,0,5074,1087,0.388184514021214,"little"
"basic",1,0,5074,1087,0.388184514021214,"little"
"bawdy",1,0,5074,1087,0.388184514021214,"little"
"beady",1,0,5074,1087,0.388184514021214,"little"
"bear",1,0,5074,1087,0.388184514021214,"little"
"bearded",1,0,5074,1087,0.388184514021214,"little"
"beleaguered",1,0,5074,1087,0.388184514021214,"little"
"belly-aching",1,0,5074,1087,0.388184514021214,"little"
"beloved",1,0,5074,1087,0.388184514021214,"little"
"benign",1,0,5074,1087,0.388184514021214,"little"
"bestial",1,0,5074,1087,0.388184514021214,"little"
"betray",1,0,5074,1087,0.388184514021214,"little"
"biddable",1,0,5074,1087,0.388184514021214,"little"
"big-headed",1,0,5074,1087,0.388184514021214,"little"
"bilious",1,0,5074,1087,0.388184514021214,"little"
"bisecting",1,0,5074,1087,0.388184514021214,"little"
"bitter-looking",1,0,5074,1087,0.388184514021214,"little"
"blink",1,0,5074,1087,0.388184514021214,"little"
"blinkered",1,0,5074,1087,0.388184514021214,"little"
"blissful",1,0,5074,1087,0.388184514021214,"little"
"bloated",1,0,5074,1087,0.388184514021214,"little"
"blond-haired",1,0,5074,1087,0.388184514021214,"little"
"blond-headed",1,0,5074,1087,0.388184514021214,"little"
"blood-sucking",1,0,5074,1087,0.388184514021214,"little"
"blue-faced",1,0,5074,1087,0.388184514021214,"little"
"blunt",1,0,5074,1087,0.388184514021214,"little"
"boastful",1,0,5074,1087,0.388184514021214,"little"
"boisterous",1,0,5074,1087,0.388184514021214,"little"
"bold",1,0,5074,1087,0.388184514021214,"little"
"boneless",1,0,5074,1087,0.388184514021214,"little"
"bony",1,0,5074,1087,0.388184514021214,"little"
"bored",1,0,5074,1087,0.388184514021214,"little"
"bossy",1,0,5074,1087,0.388184514021214,"little"
"bottom",1,0,5074,1087,0.388184514021214,"little"
"bourgeois",1,0,5074,1087,0.388184514021214,"little"
"breathless",1,0,5074,1087,0.388184514021214,"little"
"breathy",1,0,5074,1087,0.388184514021214,"little"
"breezy",1,0,5074,1087,0.388184514021214,"little"
"bright-eyed",1,0,5074,1087,0.388184514021214,"little"
"budding",1,0,5074,1087,0.388184514021214,"little"
"bullied",1,0,5074,1087,0.388184514021214,"little"
"burlesque",1,0,5074,1087,0.388184514021214,"little"
"burn",1,0,5074,1087,0.388184514021214,"little"
"button-faced",1,0,5074,1087,0.388184514021214,"little"
"calculating",1,0,5074,1087,0.388184514021214,"little"
"care",1,0,5074,1087,0.388184514021214,"little"
"carefree",1,0,5074,1087,0.388184514021214,"little"
"castellated",1,0,5074,1087,0.388184514021214,"little"
"casual",1,0,5074,1087,0.388184514021214,"little"
"chapped",1,0,5074,1087,0.388184514021214,"little"
"character-building",1,0,5074,1087,0.388184514021214,"little"
"childish",1,0,5074,1087,0.388184514021214,"little"
"childless",1,0,5074,1087,0.388184514021214,"little"
"chill",1,0,5074,1087,0.388184514021214,"little"
"chilling",1,0,5074,1087,0.388184514021214,"little"
"chilly",1,0,5074,1087,0.388184514021214,"little"
"chintzy",1,0,5074,1087,0.388184514021214,"little"
"chirrupy",1,0,5074,1087,0.388184514021214,"little"
"choice",1,0,5074,1087,0.388184514021214,"little"
"choked",1,0,5074,1087,0.388184514021214,"little"
"choochy",1,0,5074,1087,0.388184514021214,"little"
"clammy",1,0,5074,1087,0.388184514021214,"little"
"clean-scrubbed",1,0,5074,1087,0.388184514021214,"little"
"clownish",1,0,5074,1087,0.388184514021214,"little"
"clutter",1,0,5074,1087,0.388184514021214,"little"
"co-operative",1,0,5074,1087,0.388184514021214,"little"
"cock-sure",1,0,5074,1087,0.388184514021214,"little"
"cogent",1,0,5074,1087,0.388184514021214,"little"
"coherent",1,0,5074,1087,0.388184514021214,"little"
"comic",1,0,5074,1087,0.388184514021214,"little"
"comical",1,0,5074,1087,0.388184514021214,"little"
"commanding",1,0,5074,1087,0.388184514021214,"little"
"complacent",1,0,5074,1087,0.388184514021214,"little"
"complicated",1,0,5074,1087,0.388184514021214,"little"
"confuse",1,0,5074,1087,0.388184514021214,"little"
"conniving",1,0,5074,1087,0.388184514021214,"little"
"contrast",1,0,5074,1087,0.388184514021214,"little"
"controversial",1,0,5074,1087,0.388184514021214,"little"
"convoluted",1,0,5074,1087,0.388184514021214,"little"
"cooperative",1,0,5074,1087,0.388184514021214,"little"
"corrupt",1,0,5074,1087,0.388184514021214,"little"
"corsete",1,0,5074,1087,0.388184514021214,"little"
"cosmopolitan",1,0,5074,1087,0.388184514021214,"little"
"cowardly",1,0,5074,1087,0.388184514021214,"little"
"cozy",1,0,5074,1087,0.388184514021214,"little"
"cracking",1,0,5074,1087,0.388184514021214,"little"
"crappy",1,0,5074,1087,0.388184514021214,"little"
"crawly",1,0,5074,1087,0.388184514021214,"little"
"creditable",1,0,5074,1087,0.388184514021214,"little"
"crepuscular",1,0,5074,1087,0.388184514021214,"little"
"cross-eyed",1,0,5074,1087,0.388184514021214,"little"
"crowded",1,0,5074,1087,0.388184514021214,"little"
"crude",1,0,5074,1087,0.388184514021214,"little"
"cruel",1,0,5074,1087,0.388184514021214,"little"
"crumpled",1,0,5074,1087,0.388184514021214,"little"
"crunchy",1,0,5074,1087,0.388184514021214,"little"
"cuddly",1,0,5074,1087,0.388184514021214,"little"
"curly",1,0,5074,1087,0.388184514021214,"little"
"cursed",1,0,5074,1087,0.388184514021214,"little"
"cut",1,0,5074,1087,0.388184514021214,"little"
"cut-through",1,0,5074,1087,0.388184514021214,"little"
"cutting",1,0,5074,1087,0.388184514021214,"little"
"daily",1,0,5074,1087,0.388184514021214,"little"
"dampish",1,0,5074,1087,0.388184514021214,"little"
"darkened",1,0,5074,1087,0.388184514021214,"little"
"dart",1,0,5074,1087,0.388184514021214,"little"
"dazed",1,0,5074,1087,0.388184514021214,"little"
"deadly",1,0,5074,1087,0.388184514021214,"little"
"debauched",1,0,5074,1087,0.388184514021214,"little"
"deceitful",1,0,5074,1087,0.388184514021214,"little"
"decorated",1,0,5074,1087,0.388184514021214,"little"
"decorative",1,0,5074,1087,0.388184514021214,"little"
"deep",1,0,5074,1087,0.388184514021214,"little"
"dejected",1,0,5074,1087,0.388184514021214,"little"
"delighted",1,0,5074,1087,0.388184514021214,"little"
"demanding",1,0,5074,1087,0.388184514021214,"little"
"democratic",1,0,5074,1087,0.388184514021214,"little"
"dense",1,0,5074,1087,0.388184514021214,"little"
"desolate",1,0,5074,1087,0.388184514021214,"little"
"desolate-looking",1,0,5074,1087,0.388184514021214,"little"
"despairing",1,0,5074,1087,0.388184514021214,"little"
"destructive",1,0,5074,1087,0.388184514021214,"little"
"develop",1,0,5074,1087,0.388184514021214,"little"
"dewy-eyed",1,0,5074,1087,0.388184514021214,"little"
"difficult",1,0,5074,1087,0.388184514021214,"little"
"dip-shit",1,0,5074,1087,0.388184514021214,"little"
"dirty-nailed",1,0,5074,1087,0.388184514021214,"little"
"dirty-nosed",1,0,5074,1087,0.388184514021214,"little"
"disarming",1,0,5074,1087,0.388184514021214,"little"
"discomfited",1,0,5074,1087,0.388184514021214,"little"
"discontented",1,0,5074,1087,0.388184514021214,"little"
"discouraged",1,0,5074,1087,0.388184514021214,"little"
"diseased",1,0,5074,1087,0.388184514021214,"little"
"disloyal",1,0,5074,1087,0.388184514021214,"little"
"divert",1,0,5074,1087,0.388184514021214,"little"
"diverting",1,0,5074,1087,0.388184514021214,"little"
"divine",1,0,5074,1087,0.388184514021214,"little"
"dogmatic",1,0,5074,1087,0.388184514021214,"little"
"dopey",1,0,5074,1087,0.388184514021214,"little"
"doubtful",1,0,5074,1087,0.388184514021214,"little"
"draughty",1,0,5074,1087,0.388184514021214,"little"
"drowsy",1,0,5074,1087,0.388184514021214,"little"
"dubious",1,0,5074,1087,0.388184514021214,"little"
"ducky",1,0,5074,1087,0.388184514021214,"little"
"dumb",1,0,5074,1087,0.388184514021214,"little"
"dutiful",1,0,5074,1087,0.388184514021214,"little"
"dwarfish",1,0,5074,1087,0.388184514021214,"little"
"dying",1,0,5074,1087,0.388184514021214,"little"
"earnest",1,0,5074,1087,0.388184514021214,"little"
"easily-reached",1,0,5074,1087,0.388184514021214,"little"
"ebullient",1,0,5074,1087,0.388184514021214,"little"
"economical",1,0,5074,1087,0.388184514021214,"little"
"ecstatic",1,0,5074,1087,0.388184514021214,"little"
"eerie",1,0,5074,1087,0.388184514021214,"little"
"effortless",1,0,5074,1087,0.388184514021214,"little"
"eloquent",1,0,5074,1087,0.388184514021214,"little"
"embarrassed",1,0,5074,1087,0.388184514021214,"little"
"embarrassing",1,0,5074,1087,0.388184514021214,"little"
"embattled",1,0,5074,1087,0.388184514021214,"little"
"end-of-the-world",1,0,5074,1087,0.388184514021214,"little"
"enigmatic",1,0,5074,1087,0.388184514021214,"little"
"enjoyable",1,0,5074,1087,0.388184514021214,"little"
"entertaining",1,0,5074,1087,0.388184514021214,"little"
"erotic",1,0,5074,1087,0.388184514021214,"little"
"errant",1,0,5074,1087,0.388184514021214,"little"
"erratic",1,0,5074,1087,0.388184514021214,"little"
"essential",1,0,5074,1087,0.388184514021214,"little"
"ev'ry",1,0,5074,1087,0.388184514021214,"little"
"exclusive",1,0,5074,1087,0.388184514021214,"little"
"exhilarating",1,0,5074,1087,0.388184514021214,"little"
"expressive",1,0,5074,1087,0.388184514021214,"little"
"extraordinary",1,0,5074,1087,0.388184514021214,"little"
"fabulous",1,0,5074,1087,0.388184514021214,"little"
"facetious",1,0,5074,1087,0.388184514021214,"little"
"faded",1,0,5074,1087,0.388184514021214,"little"
"faint",1,0,5074,1087,0.388184514021214,"little"
"fair",1,0,5074,1087,0.388184514021214,"little"
"fair-headed",1,0,5074,1087,0.388184514021214,"little"
"fairhaired",1,0,5074,1087,0.388184514021214,"little"
"faithful",1,0,5074,1087,0.388184514021214,"little"
"false",1,0,5074,1087,0.388184514021214,"little"
"far-flung",1,0,5074,1087,0.388184514021214,"little"
"fashionable",1,0,5074,1087,0.388184514021214,"little"
"favoured",1,0,5074,1087,0.388184514021214,"little"
"feel-good",1,0,5074,1087,0.388184514021214,"little"
"felonious",1,0,5074,1087,0.388184514021214,"little"
"feminine",1,0,5074,1087,0.388184514021214,"little"
"fertile",1,0,5074,1087,0.388184514021214,"little"
"fevered",1,0,5074,1087,0.388184514021214,"little"
"fey",1,0,5074,1087,0.388184514021214,"little"
"fiddling",1,0,5074,1087,0.388184514021214,"little"
"filthy-minded",1,0,5074,1087,0.388184514021214,"little"
"finished",1,0,5074,1087,0.388184514021214,"little"
"fit",1,0,5074,1087,0.388184514021214,"little"
"flabby",1,0,5074,1087,0.388184514021214,"little"
"flaky",1,0,5074,1087,0.388184514021214,"little"
"flash",1,0,5074,1087,0.388184514021214,"little"
"flat-faced",1,0,5074,1087,0.388184514021214,"little"
"fleeting",1,0,5074,1087,0.388184514021214,"little"
"flighty",1,0,5074,1087,0.388184514021214,"little"
"flimsy",1,0,5074,1087,0.388184514021214,"little"
"flinty",1,0,5074,1087,0.388184514021214,"little"
"flirty",1,0,5074,1087,0.388184514021214,"little"
"flourishing",1,0,5074,1087,0.388184514021214,"little"
"fluent",1,0,5074,1087,0.388184514021214,"little"
"fluffy",1,0,5074,1087,0.388184514021214,"little"
"fluttering",1,0,5074,1087,0.388184514021214,"little"
"following",1,0,5074,1087,0.388184514021214,"little"
"footling",1,0,5074,1087,0.388184514021214,"little"
"formidable",1,0,5074,1087,0.388184514021214,"little"
"forsaken",1,0,5074,1087,0.388184514021214,"little"
"forthcoming",1,0,5074,1087,0.388184514021214,"little"
"frail",1,0,5074,1087,0.388184514021214,"little"
"frighten",1,0,5074,1087,0.388184514021214,"little"
"frightening",1,0,5074,1087,0.388184514021214,"little"
"frightful",1,0,5074,1087,0.388184514021214,"little"
"frisky",1,0,5074,1087,0.388184514021214,"little"
"furious",1,0,5074,1087,0.388184514021214,"little"
"furrowed",1,0,5074,1087,0.388184514021214,"little"
"future",1,0,5074,1087,0.388184514021214,"little"
"fuzzy",1,0,5074,1087,0.388184514021214,"little"
"galore",1,0,5074,1087,0.388184514021214,"little"
"garrulous",1,0,5074,1087,0.388184514021214,"little"
"gaunt",1,0,5074,1087,0.388184514021214,"little"
"gawky",1,0,5074,1087,0.388184514021214,"little"
"gibbering",1,0,5074,1087,0.388184514021214,"little"
"giddying",1,0,5074,1087,0.388184514021214,"little"
"gifted",1,0,5074,1087,0.388184514021214,"little"
"giggling",1,0,5074,1087,0.388184514021214,"little"
"girly",1,0,5074,1087,0.388184514021214,"little"
"glitzy",1,0,5074,1087,0.388184514021214,"little"
"glossy",1,0,5074,1087,0.388184514021214,"little"
"gnarled",1,0,5074,1087,0.388184514021214,"little"
"gnome-like",1,0,5074,1087,0.388184514021214,"little"
"golden-shoe-stepped",1,0,5074,1087,0.388184514021214,"little"
"good-hearted",1,0,5074,1087,0.388184514021214,"little"
"good-natured",1,0,5074,1087,0.388184514021214,"little"
"good-tempered",1,0,5074,1087,0.388184514021214,"little"
"goodly",1,0,5074,1087,0.388184514021214,"little"
"gracious",1,0,5074,1087,0.388184514021214,"little"
"graphic",1,0,5074,1087,0.388184514021214,"little"
"grateful",1,0,5074,1087,0.388184514021214,"little"
"gratifying",1,0,5074,1087,0.388184514021214,"little"
"grave-faced",1,0,5074,1087,0.388184514021214,"little"
"grey-haired",1,0,5074,1087,0.388184514021214,"little"
"grinding",1,0,5074,1087,0.388184514021214,"little"
"gritty",1,0,5074,1087,0.388184514021214,"little"
"grotesque",1,0,5074,1087,0.388184514021214,"little"
"grudging",1,0,5074,1087,0.388184514021214,"little"
"gurgling",1,0,5074,1087,0.388184514021214,"little"
"gush",1,0,5074,1087,0.388184514021214,"little"
"gusty",1,0,5074,1087,0.388184514021214,"little"
"hair-like",1,0,5074,1087,0.388184514021214,"little"
"hairy",1,0,5074,1087,0.388184514021214,"little"
"hairy-faced",1,0,5074,1087,0.388184514021214,"little"
"hairy-footed",1,0,5074,1087,0.388184514021214,"little"
"half-dressed",1,0,5074,1087,0.388184514021214,"little"
"haughty",1,0,5074,1087,0.388184514021214,"little"
"heart-warming",1,0,5074,1087,0.388184514021214,"little"
"heavily-handicapped",1,0,5074,1087,0.388184514021214,"little"
"heroic",1,0,5074,1087,0.388184514021214,"little"
"hesitant",1,0,5074,1087,0.388184514021214,"little"
"hideous",1,0,5074,1087,0.388184514021214,"little"
"high-fibre",1,0,5074,1087,0.388184514021214,"little"
"high-pitched",1,0,5074,1087,0.388184514021214,"little"
"highly-regarded",1,0,5074,1087,0.388184514021214,"little"
"hillocky",1,0,5074,1087,0.388184514021214,"little"
"hoity-toity",1,0,5074,1087,0.388184514021214,"little"
"honest",1,0,5074,1087,0.388184514021214,"little"
"hooty",1,0,5074,1087,0.388184514021214,"little"
"huffed-and-puffed",1,0,5074,1087,0.388184514021214,"little"
"hundred-strong",1,0,5074,1087,0.388184514021214,"little"
"hunted",1,0,5074,1087,0.388184514021214,"little"
"hyperactive",1,0,5074,1087,0.388184514021214,"little"
"hysterical",1,0,5074,1087,0.388184514021214,"little"
"i-wannabe-loved",1,0,5074,1087,0.388184514021214,"little"
"idle",1,0,5074,1087,0.388184514021214,"little"
"illicit",1,0,5074,1087,0.388184514021214,"little"
"immaculate",1,0,5074,1087,0.388184514021214,"little"
"impassioned",1,0,5074,1087,0.388184514021214,"little"
"impersonal",1,0,5074,1087,0.388184514021214,"little"
"impetuous",1,0,5074,1087,0.388184514021214,"little"
"impulsive",1,0,5074,1087,0.388184514021214,"little"
"incongruous",1,0,5074,1087,0.388184514021214,"little"
"incredible",1,0,5074,1087,0.388184514021214,"little"
"incredulous",1,0,5074,1087,0.388184514021214,"little"
"industrious",1,0,5074,1087,0.388184514021214,"little"
"ineffectual",1,0,5074,1087,0.388184514021214,"little"
"inefficient",1,0,5074,1087,0.388184514021214,"little"
"inexpensive",1,0,5074,1087,0.388184514021214,"little"
"inexperienced",1,0,5074,1087,0.388184514021214,"little"
"infamous",1,0,5074,1087,0.388184514021214,"little"
"innocuous",1,0,5074,1087,0.388184514021214,"little"
"innovative",1,0,5074,1087,0.388184514021214,"little"
"inoffensive",1,0,5074,1087,0.388184514021214,"little"
"insecure",1,0,5074,1087,0.388184514021214,"little"
"insipid",1,0,5074,1087,0.388184514021214,"little"
"insufferable",1,0,5074,1087,0.388184514021214,"little"
"interchangeable",1,0,5074,1087,0.388184514021214,"little"
"interfering",1,0,5074,1087,0.388184514021214,"little"
"interior",1,0,5074,1087,0.388184514021214,"little"
"internal",1,0,5074,1087,0.388184514021214,"little"
"intolerant",1,0,5074,1087,0.388184514021214,"little"
"intrepid",1,0,5074,1087,0.388184514021214,"little"
"invaluable",1,0,5074,1087,0.388184514021214,"little"
"invisible",1,0,5074,1087,0.388184514021214,"little"
"involuntary",1,0,5074,1087,0.388184514021214,"little"
"irish",1,0,5074,1087,0.388184514021214,"little"
"ironical",1,0,5074,1087,0.388184514021214,"little"
"irrelevant",1,0,5074,1087,0.388184514021214,"little"
"irresistible",1,0,5074,1087,0.388184514021214,"little"
"irresponsible",1,0,5074,1087,0.388184514021214,"little"
"irritable",1,0,5074,1087,0.388184514021214,"little"
"isolated",1,0,5074,1087,0.388184514021214,"little"
"jammed",1,0,5074,1087,0.388184514021214,"little"
"jammy",1,0,5074,1087,0.388184514021214,"little"
"jaunty",1,0,5074,1087,0.388184514021214,"little"
"jerky",1,0,5074,1087,0.388184514021214,"little"
"jerry-built",1,0,5074,1087,0.388184514021214,"little"
"jingly",1,0,5074,1087,0.388184514021214,"little"
"juicy",1,0,5074,1087,0.388184514021214,"little"
"just",1,0,5074,1087,0.388184514021214,"little"
"kindly",1,0,5074,1087,0.388184514021214,"little"
"knobby",1,0,5074,1087,0.388184514021214,"little"
"laboured",1,0,5074,1087,0.388184514021214,"little"
"laid-back",1,0,5074,1087,0.388184514021214,"little"
"law-abiding",1,0,5074,1087,0.388184514021214,"little"
"leave",1,0,5074,1087,0.388184514021214,"little"
"less-dramatic",1,0,5074,1087,0.388184514021214,"little"
"lethal",1,0,5074,1087,0.388184514021214,"little"
"level",1,0,5074,1087,0.388184514021214,"little"
"likeable",1,0,5074,1087,0.388184514021214,"little"
"loathsome",1,0,5074,1087,0.388184514021214,"little"
"long-dead",1,0,5074,1087,0.388184514021214,"little"
"loose",1,0,5074,1087,0.388184514021214,"little"
"lost",1,0,5074,1087,0.388184514021214,"little"
"lousy",1,0,5074,1087,0.388184514021214,"little"
"loved",1,0,5074,1087,0.388184514021214,"little"
"low-spirited",1,0,5074,1087,0.388184514021214,"little"
"ltd",1,0,5074,1087,0.388184514021214,"little"
"lubricious",1,0,5074,1087,0.388184514021214,"little"
"lucrative",1,0,5074,1087,0.388184514021214,"little"
"ludicrous",1,0,5074,1087,0.388184514021214,"little"
"lugubrious",1,0,5074,1087,0.388184514021214,"little"
"luscious",1,0,5074,1087,0.388184514021214,"little"
"lush",1,0,5074,1087,0.388184514021214,"little"
"major",1,0,5074,1087,0.388184514021214,"little"
"malignant",1,0,5074,1087,0.388184514021214,"little"
"malleable",1,0,5074,1087,0.388184514021214,"little"
"manageable",1,0,5074,1087,0.388184514021214,"little"
"maniacal",1,0,5074,1087,0.388184514021214,"little"
"manic",1,0,5074,1087,0.388184514021214,"little"
"manicured",1,0,5074,1087,0.388184514021214,"little"
"mark",1,0,5074,1087,0.388184514021214,"little"
"mean-faced",1,0,5074,1087,0.388184514021214,"little"
"meaningless",1,0,5074,1087,0.388184514021214,"little"
"melancholy",1,0,5074,1087,0.388184514021214,"little"
"mendicant",1,0,5074,1087,0.388184514021214,"little"
"messy",1,0,5074,1087,0.388184514021214,"little"
"mild",1,0,5074,1087,0.388184514021214,"little"
"milky",1,0,5074,1087,0.388184514021214,"little"
"mince",1,0,5074,1087,0.388184514021214,"little"
"mingy",1,0,5074,1087,0.388184514021214,"little"
"mirthful",1,0,5074,1087,0.388184514021214,"little"
"missing",1,0,5074,1087,0.388184514021214,"little"
"mixed-up",1,0,5074,1087,0.388184514021214,"little"
"money-grubbing",1,0,5074,1087,0.388184514021214,"little"
"mottled",1,0,5074,1087,0.388184514021214,"little"
"mousey",1,0,5074,1087,0.388184514021214,"little"
"murderous",1,0,5074,1087,0.388184514021214,"little"
"naive",1,0,5074,1087,0.388184514021214,"little"
"naked",1,0,5074,1087,0.388184514021214,"little"
"namby-pamby",1,0,5074,1087,0.388184514021214,"little"
"natured",1,0,5074,1087,0.388184514021214,"little"
"nervy",1,0,5074,1087,0.388184514021214,"little"
"newish",1,0,5074,1087,0.388184514021214,"little"
"newly-created",1,0,5074,1087,0.388184514021214,"little"
"niggly",1,0,5074,1087,0.388184514021214,"little"
"niki",1,0,5074,1087,0.388184514021214,"little"
"noble",1,0,5074,1087,0.388184514021214,"little"
"not-so-crazy",1,0,5074,1087,0.388184514021214,"little"
"novel",1,0,5074,1087,0.388184514021214,"little"
"nutty",1,0,5074,1087,0.388184514021214,"little"
"obliging",1,0,5074,1087,0.388184514021214,"little"
"obscene",1,0,5074,1087,0.388184514021214,"little"
"obsequious",1,0,5074,1087,0.388184514021214,"little"
"obsessive",1,0,5074,1087,0.388184514021214,"little"
"obstinate",1,0,5074,1087,0.388184514021214,"little"
"od",1,0,5074,1087,0.388184514021214,"little"
"off-beat",1,0,5074,1087,0.388184514021214,"little"
"offensive",1,0,5074,1087,0.388184514021214,"little"
"official",1,0,5074,1087,0.388184514021214,"little"
"officious",1,0,5074,1087,0.388184514021214,"little"
"oh-so-ordinary",1,0,5074,1087,0.388184514021214,"little"
"ongoing",1,0,5074,1087,0.388184514021214,"little"
"oopsy",1,0,5074,1087,0.388184514021214,"little"
"outgoing",1,0,5074,1087,0.388184514021214,"little"
"outspoken",1,0,5074,1087,0.388184514021214,"little"
"over-furnished",1,0,5074,1087,0.388184514021214,"little"
"over-imaginative",1,0,5074,1087,0.388184514021214,"little"
"overcrowded",1,0,5074,1087,0.388184514021214,"little"
"override",1,0,5074,1087,0.388184514021214,"little"
"packed",1,0,5074,1087,0.388184514021214,"little"
"pained",1,0,5074,1087,0.388184514021214,"little"
"painful",1,0,5074,1087,0.388184514021214,"little"
"pallid",1,0,5074,1087,0.388184514021214,"little"
"paltry",1,0,5074,1087,0.388184514021214,"little"
"pampered",1,0,5074,1087,0.388184514021214,"little"
"paranoid",1,0,5074,1087,0.388184514021214,"little"
"part-time",1,0,5074,1087,0.388184514021214,"little"
"pass",1,0,5074,1087,0.388184514021214,"little"
"passionate",1,0,5074,1087,0.388184514021214,"little"
"patronizing",1,0,5074,1087,0.388184514021214,"little"
"pay",1,0,5074,1087,0.388184514021214,"little"
"peaky",1,0,5074,1087,0.388184514021214,"little"
"peggy",1,0,5074,1087,0.388184514021214,"little"
"pernicious",1,0,5074,1087,0.388184514021214,"little"
"perverse",1,0,5074,1087,0.388184514021214,"little"
"pettifogging",1,0,5074,1087,0.388184514021214,"little"
"philosophical",1,0,5074,1087,0.388184514021214,"little"
"picture-perfect",1,0,5074,1087,0.388184514021214,"little"
"piddley",1,0,5074,1087,0.388184514021214,"little"
"pink",1,0,5074,1087,0.388184514021214,"little"
"pitiful",1,0,5074,1087,0.388184514021214,"little"
"pixieish",1,0,5074,1087,0.388184514021214,"little"
"placatory",1,0,5074,1087,0.388184514021214,"little"
"plaintive",1,0,5074,1087,0.388184514021214,"little"
"pleading",1,0,5074,1087,0.388184514021214,"little"
"pleased",1,0,5074,1087,0.388184514021214,"little"
"pleated",1,0,5074,1087,0.388184514021214,"little"
"podgy",1,0,5074,1087,0.388184514021214,"little"
"pokey",1,0,5074,1087,0.388184514021214,"little"
"porky",1,0,5074,1087,0.388184514021214,"little"
"potent",1,0,5074,1087,0.388184514021214,"little"
"pouting",1,0,5074,1087,0.388184514021214,"little"
"poverty-stricken",1,0,5074,1087,0.388184514021214,"little"
"powerful",1,0,5074,1087,0.388184514021214,"little"
"practical",1,0,5074,1087,0.388184514021214,"little"
"practised",1,0,5074,1087,0.388184514021214,"little"
"prancing",1,0,5074,1087,0.388184514021214,"little"
"precarious",1,0,5074,1087,0.388184514021214,"little"
"precocious",1,0,5074,1087,0.388184514021214,"little"
"predictable",1,0,5074,1087,0.388184514021214,"little"
"preparatory",1,0,5074,1087,0.388184514021214,"little"
"preserve",1,0,5074,1087,0.388184514021214,"little"
"primitive",1,0,5074,1087,0.388184514021214,"little"
"prissy",1,0,5074,1087,0.388184514021214,"little"
"profitable",1,0,5074,1087,0.388184514021214,"little"
"promiscuous",1,0,5074,1087,0.388184514021214,"little"
"promising",1,0,5074,1087,0.388184514021214,"little"
"prosperous",1,0,5074,1087,0.388184514021214,"little"
"prurient",1,0,5074,1087,0.388184514021214,"little"
"psuedo-macho",1,0,5074,1087,0.388184514021214,"little"
"pudding-faced",1,0,5074,1087,0.388184514021214,"little"
"pudgy",1,0,5074,1087,0.388184514021214,"little"
"puky",1,0,5074,1087,0.388184514021214,"little"
"pungent",1,0,5074,1087,0.388184514021214,"little"
"querulous",1,0,5074,1087,0.388184514021214,"little"
"quick-witted",1,0,5074,1087,0.388184514021214,"little"
"quirky",1,0,5074,1087,0.388184514021214,"little"
"quizzical",1,0,5074,1087,0.388184514021214,"little"
"racy",1,0,5074,1087,0.388184514021214,"little"
"rampant",1,0,5074,1087,0.388184514021214,"little"
"random",1,0,5074,1087,0.388184514021214,"little"
"rare",1,0,5074,1087,0.388184514021214,"little"
"ratty",1,0,5074,1087,0.388184514021214,"little"
"ravenous",1,0,5074,1087,0.388184514021214,"little"
"ravish",1,0,5074,1087,0.388184514021214,"little"
"ravishing",1,0,5074,1087,0.388184514021214,"little"
"raw",1,0,5074,1087,0.388184514021214,"little"
"rebuilt",1,0,5074,1087,0.388184514021214,"little"
"red-faced",1,0,5074,1087,0.388184514021214,"little"
"red-haired",1,0,5074,1087,0.388184514021214,"little"
"reedy",1,0,5074,1087,0.388184514021214,"little"
"reeking",1,0,5074,1087,0.388184514021214,"little"
"reflect",1,0,5074,1087,0.388184514021214,"little"
"registered",1,0,5074,1087,0.388184514021214,"little"
"reliable",1,0,5074,1087,0.388184514021214,"little"
"repressed",1,0,5074,1087,0.388184514021214,"little"
"require",1,0,5074,1087,0.388184514021214,"little"
"required",1,0,5074,1087,0.388184514021214,"little"
"resilient",1,0,5074,1087,0.388184514021214,"little"
"resonant",1,0,5074,1087,0.388184514021214,"little"
"respectable",1,0,5074,1087,0.388184514021214,"little"
"resplendent",1,0,5074,1087,0.388184514021214,"little"
"restless",1,0,5074,1087,0.388184514021214,"little"
"revealing",1,0,5074,1087,0.388184514021214,"little"
"revvy",1,0,5074,1087,0.388184514021214,"little"
"rhythmical",1,0,5074,1087,0.388184514021214,"little"
"ripe",1,0,5074,1087,0.388184514021214,"little"
"roguish",1,0,5074,1087,0.388184514021214,"little"
"rosy",1,0,5074,1087,0.388184514021214,"little"
"rosy-cheeked",1,0,5074,1087,0.388184514021214,"little"
"rough",1,0,5074,1087,0.388184514021214,"little"
"round-faced",1,0,5074,1087,0.388184514021214,"little"
"roving",1,0,5074,1087,0.388184514021214,"little"
"rubbishy",1,0,5074,1087,0.388184514021214,"little"
"ruddy-cheeked",1,0,5074,1087,0.388184514021214,"little"
"rude",1,0,5074,1087,0.388184514021214,"little"
"sad-eyed",1,0,5074,1087,0.388184514021214,"little"
"salivate",1,0,5074,1087,0.388184514021214,"little"
"sandy",1,0,5074,1087,0.388184514021214,"little"
"sarcastic",1,0,5074,1087,0.388184514021214,"little"
"sarky",1,0,5074,1087,0.388184514021214,"little"
"satisfied",1,0,5074,1087,0.388184514021214,"little"
"scared",1,0,5074,1087,0.388184514021214,"little"
"scheming",1,0,5074,1087,0.388184514021214,"little"
"school-leaver",1,0,5074,1087,0.388184514021214,"little"
"scornful",1,0,5074,1087,0.388184514021214,"little"
"scratched",1,0,5074,1087,0.388184514021214,"little"
"scratchy",1,0,5074,1087,0.388184514021214,"little"
"screwed-up",1,0,5074,1087,0.388184514021214,"little"
"second-rate",1,0,5074,1087,0.388184514021214,"little"
"secretive",1,0,5074,1087,0.388184514021214,"little"
"secure",1,0,5074,1087,0.388184514021214,"little"
"select",1,0,5074,1087,0.388184514021214,"little"
"self-centred",1,0,5074,1087,0.388184514021214,"little"
"self-effacing",1,0,5074,1087,0.388184514021214,"little"
"self-electing",1,0,5074,1087,0.388184514021214,"little"
"self-mocking",1,0,5074,1087,0.388184514021214,"little"
"self-regarding",1,0,5074,1087,0.388184514021214,"little"
"self-righteous",1,0,5074,1087,0.388184514021214,"little"
"self-satisfied",1,0,5074,1087,0.388184514021214,"little"
"self-sufficient",1,0,5074,1087,0.388184514021214,"little"
"sensational",1,0,5074,1087,0.388184514021214,"little"
"servile",1,0,5074,1087,0.388184514021214,"little"
"set",1,0,5074,1087,0.388184514021214,"little"
"shaggy",1,0,5074,1087,0.388184514021214,"little"
"shallow",1,0,5074,1087,0.388184514021214,"little"
"sharp-looking",1,0,5074,1087,0.388184514021214,"little"
"shaven-headed",1,0,5074,1087,0.388184514021214,"little"
"shaving",1,0,5074,1087,0.388184514021214,"little"
"sheepish",1,0,5074,1087,0.388184514021214,"little"
"shell-like",1,0,5074,1087,0.388184514021214,"little"
"sheltered",1,0,5074,1087,0.388184514021214,"little"
"shifty",1,0,5074,1087,0.388184514021214,"little"
"shifty-eyed",1,0,5074,1087,0.388184514021214,"little"
"shivering",1,0,5074,1087,0.388184514021214,"little"
"short-arsed",1,0,5074,1087,0.388184514021214,"little"
"shuddery",1,0,5074,1087,0.388184514021214,"little"
"sick",1,0,5074,1087,0.388184514021214,"little"
"sick-looking",1,0,5074,1087,0.388184514021214,"little"
"silent",1,0,5074,1087,0.388184514021214,"little"
"silvery",1,0,5074,1087,0.388184514021214,"little"
"skimpy",1,0,5074,1087,0.388184514021214,"little"
"slate-roofed",1,0,5074,1087,0.388184514021214,"little"
"sleazy",1,0,5074,1087,0.388184514021214,"little"
"sleek",1,0,5074,1087,0.388184514021214,"little"
"slight",1,0,5074,1087,0.388184514021214,"little"
"slimy",1,0,5074,1087,0.388184514021214,"little"
"slivery",1,0,5074,1087,0.388184514021214,"little"
"slow-moving",1,0,5074,1087,0.388184514021214,"little"
"slutty",1,0,5074,1087,0.388184514021214,"little"
"small-time",1,0,5074,1087,0.388184514021214,"little"
"smoke",1,0,5074,1087,0.388184514021214,"little"
"smoke-filled",1,0,5074,1087,0.388184514021214,"little"
"smooth-skinned",1,0,5074,1087,0.388184514021214,"little"
"smudgy",1,0,5074,1087,0.388184514021214,"little"
"snaky",1,0,5074,1087,0.388184514021214,"little"
"snappy",1,0,5074,1087,0.388184514021214,"little"
"sneaky",1,0,5074,1087,0.388184514021214,"little"
"snide",1,0,5074,1087,0.388184514021214,"little"
"snidey",1,0,5074,1087,0.388184514021214,"little"
"snobbish",1,0,5074,1087,0.388184514021214,"little"
"snort",1,0,5074,1087,0.388184514021214,"little"
"snotty",1,0,5074,1087,0.388184514021214,"little"
"snotty-nosed",1,0,5074,1087,0.388184514021214,"little"
"soon-to-be-flooded",1,0,5074,1087,0.388184514021214,"little"
"soulless",1,0,5074,1087,0.388184514021214,"little"
"spanish",1,0,5074,1087,0.388184514021214,"little"
"sparkling",1,0,5074,1087,0.388184514021214,"little"
"spasmodic",1,0,5074,1087,0.388184514021214,"little"
"spectacular",1,0,5074,1087,0.388184514021214,"little"
"speedy",1,0,5074,1087,0.388184514021214,"little"
"spiky",1,0,5074,1087,0.388184514021214,"little"
"spindly",1,0,5074,1087,0.388184514021214,"little"
"spineless",1,0,5074,1087,0.388184514021214,"little"
"spiteful",1,0,5074,1087,0.388184514021214,"little"
"spoiled",1,0,5074,1087,0.388184514021214,"little"
"spooky",1,0,5074,1087,0.388184514021214,"little"
"spotty",1,0,5074,1087,0.388184514021214,"little"
"spruce",1,0,5074,1087,0.388184514021214,"little"
"square",1,0,5074,1087,0.388184514021214,"little"
"squashed",1,0,5074,1087,0.388184514021214,"little"
"standard",1,0,5074,1087,0.388184514021214,"little"
"starving",1,0,5074,1087,0.388184514021214,"little"
"steady",1,0,5074,1087,0.388184514021214,"little"
"steely",1,0,5074,1087,0.388184514021214,"little"
"stiff-legged",1,0,5074,1087,0.388184514021214,"little"
"still-bleeding",1,0,5074,1087,0.388184514021214,"little"
"stinking",1,0,5074,1087,0.388184514021214,"little"
"stir",1,0,5074,1087,0.388184514021214,"little"
"stony",1,0,5074,1087,0.388184514021214,"little"
"stormy",1,0,5074,1087,0.388184514021214,"little"
"strained",1,0,5074,1087,0.388184514021214,"little"
"stranded",1,0,5074,1087,0.388184514021214,"little"
"stray",1,0,5074,1087,0.388184514021214,"little"
"striking",1,0,5074,1087,0.388184514021214,"little"
"strong",1,0,5074,1087,0.388184514021214,"little"
"strong-minded",1,0,5074,1087,0.388184514021214,"little"
"stroppy",1,0,5074,1087,0.388184514021214,"little"
"struggle",1,0,5074,1087,0.388184514021214,"little"
"strutting",1,0,5074,1087,0.388184514021214,"little"
"stubby",1,0,5074,1087,0.388184514021214,"little"
"stunning",1,0,5074,1087,0.388184514021214,"little"
"stylish",1,0,5074,1087,0.388184514021214,"little"
"suave",1,0,5074,1087,0.388184514021214,"little"
"sulky",1,0,5074,1087,0.388184514021214,"little"
"sullen",1,0,5074,1087,0.388184514021214,"little"
"sultry",1,0,5074,1087,0.388184514021214,"little"
"superior",1,0,5074,1087,0.388184514021214,"little"
"supple",1,0,5074,1087,0.388184514021214,"little"
"suppressed",1,0,5074,1087,0.388184514021214,"little"
"sweaty",1,0,5074,1087,0.388184514021214,"little"
"sweet-faced",1,0,5074,1087,0.388184514021214,"little"
"tactful",1,0,5074,1087,0.388184514021214,"little"
"tall",1,0,5074,1087,0.388184514021214,"little"
"tantalising",1,0,5074,1087,0.388184514021214,"little"
"tantalize",1,0,5074,1087,0.388184514021214,"little"
"tarty",1,0,5074,1087,0.388184514021214,"little"
"tawdry",1,0,5074,1087,0.388184514021214,"little"
"tear-jerker",1,0,5074,1087,0.388184514021214,"little"
"tease",1,0,5074,1087,0.388184514021214,"little"
"teensy",1,0,5074,1087,0.388184514021214,"little"
"teeny",1,0,5074,1087,0.388184514021214,"little"
"tenuous",1,0,5074,1087,0.388184514021214,"little"
"tepid",1,0,5074,1087,0.388184514021214,"little"
"terse",1,0,5074,1087,0.388184514021214,"little"
"th'scratty",1,0,5074,1087,0.388184514021214,"little"
"thick",1,0,5074,1087,0.388184514021214,"little"
"thorny",1,0,5074,1087,0.388184514021214,"little"
"thoughtless",1,0,5074,1087,0.388184514021214,"little"
"three-year-old",1,0,5074,1087,0.388184514021214,"little"
"thrifty",1,0,5074,1087,0.388184514021214,"little"
"tinkling",1,0,5074,1087,0.388184514021214,"little"
"titillate",1,0,5074,1087,0.388184514021214,"little"
"total",1,0,5074,1087,0.388184514021214,"little"
"tough-talking",1,0,5074,1087,0.388184514021214,"little"
"tousle-headed",1,0,5074,1087,0.388184514021214,"little"
"traitorous",1,0,5074,1087,0.388184514021214,"little"
"tranquil",1,0,5074,1087,0.388184514021214,"little"
"tricksy",1,0,5074,1087,0.388184514021214,"little"
"trifling",1,0,5074,1087,0.388184514021214,"little"
"tub-thumping",1,0,5074,1087,0.388184514021214,"little"
"tufty",1,0,5074,1087,0.388184514021214,"little"
"turkish",1,0,5074,1087,0.388184514021214,"little"
"twist",1,0,5074,1087,0.388184514021214,"little"
"twisting",1,0,5074,1087,0.388184514021214,"little"
"twisty",1,0,5074,1087,0.388184514021214,"little"
"twitching",1,0,5074,1087,0.388184514021214,"little"
"two-faced",1,0,5074,1087,0.388184514021214,"little"
"two-timing",1,0,5074,1087,0.388184514021214,"little"
"unappetize",1,0,5074,1087,0.388184514021214,"little"
"unattractive",1,0,5074,1087,0.388184514021214,"little"
"uncaring",1,0,5074,1087,0.388184514021214,"little"
"unchic",1,0,5074,1087,0.388184514021214,"little"
"uncivilised",1,0,5074,1087,0.388184514021214,"little"
"unclean",1,0,5074,1087,0.388184514021214,"little"
"uncomfortable",1,0,5074,1087,0.388184514021214,"little"
"uncompromising",1,0,5074,1087,0.388184514021214,"little"
"unconscious",1,0,5074,1087,0.388184514021214,"little"
"uncouth",1,0,5074,1087,0.388184514021214,"little"
"undemonstrative",1,0,5074,1087,0.388184514021214,"little"
"undignified",1,0,5074,1087,0.388184514021214,"little"
"uneven",1,0,5074,1087,0.388184514021214,"little"
"unfamiliar",1,0,5074,1087,0.388184514021214,"little"
"unfeeling",1,0,5074,1087,0.388184514021214,"little"
"unforgiving",1,0,5074,1087,0.388184514021214,"little"
"unfortunate",1,0,5074,1087,0.388184514021214,"little"
"unglamorous",1,0,5074,1087,0.388184514021214,"little"
"unlikely",1,0,5074,1087,0.388184514021214,"little"
"unnecessary",1,0,5074,1087,0.388184514021214,"little"
"unquestionable",1,0,5074,1087,0.388184514021214,"little"
"unresolved",1,0,5074,1087,0.388184514021214,"little"
"unsentimental",1,0,5074,1087,0.388184514021214,"little"
"unspoiled",1,0,5074,1087,0.388184514021214,"little"
"unspoilt",1,0,5074,1087,0.388184514021214,"little"
"unsuspecting",1,0,5074,1087,0.388184514021214,"little"
"untidy",1,0,5074,1087,0.388184514021214,"little"
"unwary",1,0,5074,1087,0.388184514021214,"little"
"unwashed",1,0,5074,1087,0.388184514021214,"little"
"unwelcome",1,0,5074,1087,0.388184514021214,"little"
"unwholesome",1,0,5074,1087,0.388184514021214,"little"
"unwilling",1,0,5074,1087,0.388184514021214,"little"
"uppity",1,0,5074,1087,0.388184514021214,"little"
"upset",1,0,5074,1087,0.388184514021214,"little"
"upsetting",1,0,5074,1087,0.388184514021214,"little"
"valuable",1,0,5074,1087,0.388184514021214,"little"
"vary",1,0,5074,1087,0.388184514021214,"little"
"vast",1,0,5074,1087,0.388184514021214,"little"
"vicious-looking",1,0,5074,1087,0.388184514021214,"little"
"vigorous",1,0,5074,1087,0.388184514021214,"little"
"vitriolic",1,0,5074,1087,0.388184514021214,"little"
"vivid",1,0,5074,1087,0.388184514021214,"little"
"wandering-eyed",1,0,5074,1087,0.388184514021214,"little"
"warped",1,0,5074,1087,0.388184514021214,"little"
"wary",1,0,5074,1087,0.388184514021214,"little"
"watch",1,0,5074,1087,0.388184514021214,"little"
"wealthy",1,0,5074,1087,0.388184514021214,"little"
"weatherworn",1,0,5074,1087,0.388184514021214,"little"
"weedy-looking",1,0,5074,1087,0.388184514021214,"little"
"weensy",1,0,5074,1087,0.388184514021214,"little"
"weeny",1,0,5074,1087,0.388184514021214,"little"
"weird",1,0,5074,1087,0.388184514021214,"little"
"welcoming",1,0,5074,1087,0.388184514021214,"little"
"well-armed",1,0,5074,1087,0.388184514021214,"little"
"well-brought-up",1,0,5074,1087,0.388184514021214,"little"
"well-groomed",1,0,5074,1087,0.388184514021214,"little"
"well-illustrated",1,0,5074,1087,0.388184514021214,"little"
"well-intentioned",1,0,5074,1087,0.388184514021214,"little"
"well-kept",1,0,5074,1087,0.388184514021214,"little"
"well-marked",1,0,5074,1087,0.388184514021214,"little"
"well-preserved",1,0,5074,1087,0.388184514021214,"little"
"well-trodden",1,0,5074,1087,0.388184514021214,"little"
"wet",1,0,5074,1087,0.388184514021214,"little"
"whimper",1,0,5074,1087,0.388184514021214,"little"
"whippy",1,0,5074,1087,0.388184514021214,"little"
"white-haired",1,0,5074,1087,0.388184514021214,"little"
"wifely",1,0,5074,1087,0.388184514021214,"little"
"wild-eyed",1,0,5074,1087,0.388184514021214,"little"
"willing",1,0,5074,1087,0.388184514021214,"little"
"winding",1,0,5074,1087,0.388184514021214,"little"
"witchy",1,0,5074,1087,0.388184514021214,"little"
"withvery",1,0,5074,1087,0.388184514021214,"little"
"wizard",1,0,5074,1087,0.388184514021214,"little"
"worldly",1,0,5074,1087,0.388184514021214,"little"
"worrying",1,0,5074,1087,0.388184514021214,"little"
"wounded",1,0,5074,1087,0.388184514021214,"little"
"wriggling",1,0,5074,1087,0.388184514021214,"little"
"wrinkled",1,0,5074,1087,0.388184514021214,"little"
"yappy",1,0,5074,1087,0.388184514021214,"little"
"young",1,0,5074,1087,0.388184514021214,"little"
"nervous",8,1,5067,1086,0.296566090143006,"little"
"polite",8,1,5067,1086,0.296566090143006,"little"
"sturdy",8,1,5067,1086,0.296566090143006,"little"
"wretched",8,1,5067,1086,0.296566090143006,"little"
"busy",19,3,5056,1084,0.260080671627812,"little"
"bad",13,2,5062,1085,0.206099199129256,"little"
"flat",7,1,5068,1086,0.158874381597317,"little"
"private",7,1,5068,1086,0.158874381597317,"little"
"small",15,3,5060,1084,0.0119559026154358,"little"
