"Word","He","She","c","d","GStat","Association"
"whisper",393,666,53824,37224,205.213509030231,"she"
"cry",216,395,54001,37495,137.792857031815,"she"
"feel",94,206,54123,37684,92.8582736796259,"she"
"manage",32,116,54185,37774,85.5960328992645,"she"
"snap",174,275,54043,37615,73.8061205295948,"she"
"retort",75,155,54142,37735,64.5876647672653,"she"
"protest",60,136,54157,37754,63.8828166553974,"she"
"giggle",13,61,54204,37829,53.4026088768348,"she"
"try",85,152,54132,37738,50.9082148546456,"she"
"ask",2136,1860,52081,36030,49.9523882508786,"she"
"flush",5,41,54212,37849,46.5313347509488,"she"
"wail",8,46,54209,37844,44.9207452054127,"she"
"swallow",24,71,54193,37819,44.2276081076112,"she"
"gasp",69,125,54148,37765,42.7478681479244,"she"
"exclaim",137,196,54080,37694,42.4370037780204,"she"
"force",9,45,54208,37845,40.8456344052239,"she"
"flare",1,27,54216,37863,40.4086421411062,"she"
"hear",82,130,54135,37760,35.0120478684469,"she"
"sob",13,45,54204,37845,32.0195724567643,"she"
"blush",3,27,54214,37863,31.6506392273931,"she"
"hesitate",137,179,54080,37711,30.8443567099101,"she"
"stare",151,191,54066,37699,30.0539310517402,"she"
"deny",29,63,54188,37827,28.016136711984,"she"
"spit",25,58,54192,37832,27.9895949270515,"she"
"falter",11,38,54206,37852,26.9932219900372,"she"
"think",227,252,53990,37638,25.6916627344613,"she"
"bite",46,78,54171,37812,23.8095977289237,"she"
"know",85,116,54132,37774,22.3747175179301,"she"
"clutch",1,16,54216,37874,21.8815752560009,"she"
"shoot",44,73,54173,37817,21.4175033726723,"she"
"blurt",12,34,54205,37856,20.3263516879965,"she"
"mumble",66,94,54151,37796,20.1017246977624,"she"
"break",110,136,54107,37754,19.9772997281061,"she"
"sniff",21,45,54196,37845,19.6513417037727,"she"
"offer",38,63,54179,37827,18.4557533050975,"she"
"echo",23,46,54194,37844,18.2732270284201,"she"
"glare",43,68,54174,37822,18.2030733778118,"she"
"realise",4,20,54213,37870,18.147861931513,"she"
"wish",8,26,54209,37864,17.5750588465882,"she"
"begin",314,304,53903,37586,16.4207296509838,"she"
"flash",8,25,54209,37865,16.3437003830321,"she"
"close",38,60,54179,37830,16.0099999755607,"she"
"breathe",85,106,54132,37784,15.9696581138781,"she"
"venture",14,32,54203,37858,15.1610242148665,"she"
"shriek",11,28,54206,37862,15.0075627497948,"she"
"croak",17,35,54200,37855,14.4795590377057,"she"
"confess",42,61,54175,37829,13.6367800905054,"she"
"stammer",12,28,54205,37862,13.5985576608977,"she"
"flinch",2,13,54215,37877,13.4365400490106,"she"
"scold",2,13,54215,37877,13.4365400490106,"she"
"slump",2,13,54215,37877,13.4365400490106,"she"
"burst",18,35,54199,37855,13.3415107393017,"she"
"answer",218,216,53999,37674,13.2116356733485,"she"
"shiver",14,29,54203,37861,12.0973685704801,"she"
"frown",105,118,54112,37772,12.566730348626,"she"
"find",55,72,54162,37818,12.445759679475,"she"
"rage",4,15,54213,37875,11.3330572822843,"she"
"blink",23,38,54194,37852,11.0561831706088,"she"
"plead",30,45,54187,37845,10.7983521722312,"she"
"sense",2,11,54215,37879,10.5006616255994,"she"
"wrinkle",2,11,54215,37879,10.5006616255994,"she"
"choke",13,26,54204,37864,10.3249223566328,"she"
"scream",41,55,54176,37835,10.1409392561756,"she"
"twist",10,22,54207,37868,9.93670639383227,"she"
"stop",220,208,53997,37682,9.74698429854539,"she"
"sigh",197,189,54020,37701,9.66381117736042,"she"
"shudder",20,33,54197,37857,9.57713507109395,"she"
"beg",22,35,54195,37855,9.47491833461719,"she"
"squeak",4,13,54213,37877,8.78591071479895,"she"
"moan",25,37,54192,37853,8.62231866201138,"she"
"wonder",27,39,54190,37851,8.60709107015109,"she"
"want",87,94,54130,37796,8.57466240407641,"she"
"query",93,99,54124,37791,8.48512986392983,"she"
"remember",46,57,54171,37833,8.41634367778081,"she"
"lie",53,63,54164,37827,8.16008811062838,"she"
"watch",71,79,54146,37811,8.09562934603514,"she"
"send",11,22,54206,37868,8.7358936669332,"she"
"hurry",15,26,54202,37864,8.241765285788,"she"
"fling",20,31,54197,37859,7.96539536533149,"she"
"freeze",2,9,54215,37881,7.67840576950359,"she"
"subside",2,9,54215,37881,7.67840576950359,"she"
"stiffen",4,12,54213,37878,7.56457256001423,"she"
"prevaricate",1,7,54216,37883,7.46789923733398,"she"
"stab",1,7,54216,37883,7.46789923733398,"she"
"challenge",20,30,54197,37860,7.19690442234364,"she"
"agree",201,183,54016,37707,6.68225079810314,"she"
"apologise",20,29,54197,37861,6.45512093060781,"she"
"nod",404,340,53813,37550,6.38538548169842,"she"
"cooe",4,11,54213,37879,6.38504408681769,"she"
"squeal",4,11,54213,37879,6.38504408681769,"she"
"whimper",4,11,54213,37879,6.38504408681769,"she"
"dab",2,8,54215,37882,6.32467403777876,"she"
"dab",2,8,54215,37882,6.32467403777876,"she"
"wear",2,8,54215,37882,6.32467403777876,"she"
"shake",333,285,53884,37605,6.30605336452399,"she"
"gulp",11,20,54206,37870,6.8677265320765,"she"
"drift",1,6,54216,37884,5.97788565480605,"she"
"stumble",3,9,54214,37881,5.67318254952465,"she"
"struggle",10,17,54207,37873,5.20741746438675,"she"
"trail",13,21,54204,37869,5.8542597647406,"she"
"demand",310,265,53907,37625,5.7953987224425,"she"
"decide",21,28,54196,37862,5.07870367125163,"she"
"fall",22,29,54195,37861,5.1030759950428,"she"
"mimick",7,13,54210,37877,4.61740271764186,"she"
"admit",202,176,54015,37714,4.56065773381901,"she"
"flounce",1,5,54216,37885,4.53610297506041,"she"
"lash",1,5,54216,37885,4.53610297506041,"she"
"recognise",1,5,54216,37885,4.53610297506041,"she"
"strive",1,5,54216,37885,4.53610297506041,"she"
"suppose",1,5,54216,37885,4.53610297506041,"she"
"suppose",1,5,54216,37885,4.53610297506041,"she"
"wriggle",3,8,54214,37882,4.50154198593656,"she"
"swing",42,46,54175,37844,4.42888948089536,"she"
"start",76,74,54141,37816,4.10571015453838,"she"
"respond",44,47,54173,37843,4.08319441041104,"she"
"counter",36,40,54181,37850,4.07363754849695,"she"
"spin",10,16,54207,37874,4.3783505944524,"she"
"amend",6,11,54211,37879,3.82755489373814,"she"
"notice",6,11,54211,37879,3.82755489373814,"she"
"hiss",93,87,54124,37803,3.80437396297036,"she"
"brighten",2,6,54215,37884,3.78195713484762,"she"
"cover",2,6,54215,37884,3.78195713484762,"she"
"fight",2,6,54215,37884,3.78195713484762,"she"
"hazard",2,6,54215,37884,3.78195713484762,"she"
"spring",2,6,54215,37884,3.78195713484762,"she"
"wince",8,13,54209,37877,3.66481822127489,"she"
"tease",42,44,54175,37846,3.51208488501031,"she"
"demur",3,7,54214,37883,3.39851819477518,"she"
"quaver",3,7,54214,37883,3.39851819477518,"she"
"screech",3,7,54214,37883,3.39851819477518,"she"
"follow",32,35,54185,37855,3.35080568573441,"she"
"croon",4,8,54213,37882,3.17595180396744,"she"
"flounder",4,8,54213,37882,3.17595180396744,"she"
"remonstrate",4,8,54213,37882,3.17595180396744,"she"
"comfort",1,4,54216,37886,3.16216769274011,"she"
"creep",1,4,54216,37886,3.16216769274011,"she"
"creep",1,4,54216,37886,3.16216769274011,"she"
"excuse",1,4,54216,37886,3.16216769274011,"she"
"gabble",1,4,54216,37886,3.16216769274011,"she"
"link",1,4,54216,37886,3.16216769274011,"she"
"phone",1,4,54216,37886,3.16216769274011,"she"
"sag",1,4,54216,37886,3.16216769274011,"she"
"strain",1,4,54216,37886,3.16216769274011,"she"
"surprise",1,4,54216,37886,3.16216769274011,"she"
"vanish",1,4,54216,37886,3.16216769274011,"she"
"meet",18,22,54199,37868,3.11230945495699,"she"
"tug",5,9,54212,37881,3.03959855760607,"she"
"weep",5,9,54212,37881,3.03959855760607,"she"
"sweep",14,18,54203,37872,2.95721379216399,"she"
"attempt",6,10,54211,37880,2.95525189717517,"she"
"attempt",6,10,54211,37880,2.95525189717517,"she"
"snatch",7,11,54210,37879,2.90482639069646,"she"
"accuse",24,27,54193,37863,2.88133560626103,"she"
"explode",10,14,54207,37876,2.86999994966471,"she"
"purr",10,14,54207,37876,2.86999994966471,"she"
"rush",10,14,54207,37876,2.86999994966471,"she"
"guess",9,13,54208,37877,2.86762992425359,"she"
"hug",9,13,54208,37877,2.86762992425359,"she"
"wait",56,54,54161,37836,2.83502455079614,"she"
"finish",76,70,54141,37820,2.76240376791221,"she"
"accept",21,24,54196,37866,2.71308212428581,"she"
"dart",2,5,54215,37885,2.62689029469176,"she"
"enunciate",2,5,54215,37885,2.62689029469176,"she"
"hasten",2,5,54215,37885,2.62689029469176,"she"
"prepare",2,5,54215,37885,2.62689029469176,"she"
"scrape",2,5,54215,37885,2.62689029469176,"she"
"remind",61,57,54156,37833,2.47284538375702,"she"
"mutter",355,281,53862,37609,2.43659829663407,"she"
"jump",24,26,54193,37864,2.39424895091942,"she"
"face",4,7,54213,37883,2.25501918095319,"she"
"whirl",4,7,54213,37883,2.25501918095319,"she"
"rest",10,13,54207,37877,2.20219812414086,"she"
"draw",81,72,54136,37818,2.19328487327796,"she"
"withdraw",6,9,54211,37881,2.15823314750596,"she"
"eye",27,28,54190,37862,2.13370460272527,"she"
"charge",3,6,54214,37884,2.3818849317491,"she"
"march",7,10,54210,37880,2.1502601121467,"she"
"bristle",1,3,54216,37887,1.89089629274888,"she"
"bristle",1,3,54216,37887,1.89089629274888,"she"
"curl",1,3,54216,37887,1.89089629274888,"she"
"double",1,3,54216,37887,1.89089629274888,"she"
"double",1,3,54216,37887,1.89089629274888,"she"
"feign",1,3,54216,37887,1.89089629274888,"she"
"gibe",1,3,54216,37887,1.89089629274888,"she"
"gibe",1,3,54216,37887,1.89089629274888,"she"
"gibe",1,3,54216,37887,1.89089629274888,"she"
"gibe",1,3,54216,37887,1.89089629274888,"she"
"justify",1,3,54216,37887,1.89089629274888,"she"
"lock",1,3,54216,37887,1.89089629274888,"she"
"opine",1,3,54216,37887,1.89089629274888,"she"
"plough",1,3,54216,37887,1.89089629274888,"she"
"quiver",1,3,54216,37887,1.89089629274888,"she"
"relent",1,3,54216,37887,1.89089629274888,"she"
"scorn",1,3,54216,37887,1.89089629274888,"she"
"square",1,3,54216,37887,1.89089629274888,"she"
"suspect",1,3,54216,37887,1.89089629274888,"she"
"suspect",1,3,54216,37887,1.89089629274888,"she"
"suspect",1,3,54216,37887,1.89089629274888,"she"
"slip",23,24,54194,37866,1.88107418154973,"she"
"storm",14,16,54203,37874,1.80842103532127,"she"
"give",405,313,53812,37577,1.79327610442666,"she"
"splutter",13,15,54204,37875,1.75405926452794,"she"
"laugh",484,370,53733,37520,1.69672435903357,"she"
"husk",10,12,54207,37878,1.60144167893482,"she"
"pant",10,12,54207,37878,1.60144167893482,"she"
"beat",2,4,54215,37886,1.58787067731006,"she"
"qualify",2,4,54215,37886,1.58787067731006,"she"
"squint",2,4,54215,37886,1.58787067731006,"she"
"squirm",2,4,54215,37886,1.58787067731006,"she"
"tremble",2,4,54215,37886,1.58787067731006,"she"
"snort",18,19,54199,37871,1.56723254896374,"she"
"confide",24,24,54193,37866,1.53324988328146,"she"
"work",8,10,54209,37880,1.51426262671474,"she"
"look",1175,867,53042,37023,1.50139834990096,"she"
"apologize",3,5,54214,37885,1.47749495242771,"she"
"choose",3,5,54214,37885,1.47749495242771,"she"
"choose",3,5,54214,37885,1.47749495242771,"she"
"crow",3,5,54214,37885,1.47749495242771,"she"
"join",3,5,54214,37885,1.47749495242771,"she"
"lose",3,5,54214,37885,1.47749495242771,"she"
"round",3,5,54214,37885,1.47749495242771,"she"
"simper",3,5,54214,37885,1.47749495242771,"she"
"complain",44,40,54173,37850,1.44041606166112,"she"
"halt",4,6,54213,37884,1.43874230801183,"she"
"recognize",4,6,54213,37884,1.43874230801183,"she"
"recognize",4,6,54213,37884,1.43874230801183,"she"
"volunteer",4,6,54213,37884,1.43874230801183,"she"
"wrench",4,6,54213,37884,1.43874230801183,"she"
"pretend",5,7,54212,37883,1.43480896896507,"she"
"touch",31,29,54186,37861,1.26644837084753,"she"
"enquire",154,123,54063,37767,1.21619468023961,"she"
"cast",18,18,54199,37872,1.14978511643823,"she"
"bang",11,12,54206,37878,1.13638144829128,"she"
"ponder",10,7,54207,37883,1.09726275662591e-05,"she"
"sink",10,7,54207,37883,1.09726275662591e-05,"she"
"stutter",10,7,54207,37883,1.09726275662591e-05,"she"
"promise",47,41,54170,37849,1.07006815204447,"she"
"throw",68,57,54149,37833,1.01999433023001,"she"
"peer",22,17,54195,37873,0.0964037848433945,"she"
"expect",8,9,54209,37881,0.960083820323259,"she"
"toss",25,18,54192,37872,0.00928444426932984,"she"
"hate",7,8,54210,37882,0.904060377630287,"she"
"implore",7,8,54210,37882,0.904060377630287,"she"
"insist",117,93,54100,37797,0.855865549743253,"she"
"parody",4,3,54213,37887,0.00852096096994745,"she"
"receive",4,3,54213,37887,0.00852096096994745,"she"
"receive",4,3,54213,37887,0.00852096096994745,"she"
"receive",4,3,54213,37887,0.00852096096994745,"she"
"shine",4,3,54213,37887,0.00852096096994745,"she"
"stagger",4,3,54213,37887,0.00852096096994745,"she"
"stagger",4,3,54213,37887,0.00852096096994745,"she"
"whip",4,3,54213,37887,0.00852096096994745,"she"
"finger",6,7,54211,37883,0.850464097715763,"she"
"finger",6,7,54211,37883,0.850464097715763,"she"
"purse",6,7,54211,37883,0.850464097715763,"she"
"tack",6,7,54211,37883,0.850464097715763,"she"
"bring",19,18,54198,37872,0.850323783998761,"she"
"clench",6,5,54211,37885,0.0839212529043997,"she"
"dare",6,5,54211,37885,0.0839212529043997,"she"
"fume",6,5,54211,37885,0.0839212529043997,"she"
"fume",6,5,54211,37885,0.0839212529043997,"she"
"pursue",6,5,54211,37885,0.0839212529043997,"she"
"reprove",6,5,54211,37885,0.0839212529043997,"she"
"tip",6,5,54211,37885,0.0839212529043997,"she"
"cackle",5,6,54212,37884,0.800623264148755,"she"
"bundle",1,2,54216,37888,0.793909035210994,"she"
"but",1,2,54216,37888,0.793909035210994,"she"
"but",1,2,54216,37888,0.793909035210994,"she"
"claw",1,2,54216,37888,0.793909035210994,"she"
"claw",1,2,54216,37888,0.793909035210994,"she"
"concur",1,2,54216,37888,0.793909035210994,"she"
"concur",1,2,54216,37888,0.793909035210994,"she"
"control",1,2,54216,37888,0.793909035210994,"she"
"control",1,2,54216,37888,0.793909035210994,"she"
"descend",1,2,54216,37888,0.793909035210994,"she"
"deserve",1,2,54216,37888,0.793909035210994,"she"
"deserve",1,2,54216,37888,0.793909035210994,"she"
"enjoy",1,2,54216,37888,0.793909035210994,"she"
"entreat",1,2,54216,37888,0.793909035210994,"she"
"entreat",1,2,54216,37888,0.793909035210994,"she"
"entreat",1,2,54216,37888,0.793909035210994,"she"
"entreat",1,2,54216,37888,0.793909035210994,"she"
"hint",1,2,54216,37888,0.793909035210994,"she"
"hint",1,2,54216,37888,0.793909035210994,"she"
"hint",1,2,54216,37888,0.793909035210994,"she"
"invent",1,2,54216,37888,0.793909035210994,"she"
"invent",1,2,54216,37888,0.793909035210994,"she"
"invent",1,2,54216,37888,0.793909035210994,"she"
"jut",1,2,54216,37888,0.793909035210994,"she"
"leaf",1,2,54216,37888,0.793909035210994,"she"
"loll",1,2,54216,37888,0.793909035210994,"she"
"loll",1,2,54216,37888,0.793909035210994,"she"
"loll",1,2,54216,37888,0.793909035210994,"she"
"loll",1,2,54216,37888,0.793909035210994,"she"
"nibble",1,2,54216,37888,0.793909035210994,"she"
"nibble",1,2,54216,37888,0.793909035210994,"she"
"nibble",1,2,54216,37888,0.793909035210994,"she"
"nibble",1,2,54216,37888,0.793909035210994,"she"
"nibble",1,2,54216,37888,0.793909035210994,"she"
"prop",1,2,54216,37888,0.793909035210994,"she"
"prop",1,2,54216,37888,0.793909035210994,"she"
"rail",1,2,54216,37888,0.793909035210994,"she"
"rail",1,2,54216,37888,0.793909035210994,"she"
"rail",1,2,54216,37888,0.793909035210994,"she"
"recite",1,2,54216,37888,0.793909035210994,"she"
"recoil",1,2,54216,37888,0.793909035210994,"she"
"recoil",1,2,54216,37888,0.793909035210994,"she"
"reproach",1,2,54216,37888,0.793909035210994,"she"
"reproach",1,2,54216,37888,0.793909035210994,"she"
"retreat",1,2,54216,37888,0.793909035210994,"she"
"retreat",1,2,54216,37888,0.793909035210994,"she"
"sleep",1,2,54216,37888,0.793909035210994,"she"
"sleep",1,2,54216,37888,0.793909035210994,"she"
"sort",1,2,54216,37888,0.793909035210994,"she"
"speculate",1,2,54216,37888,0.793909035210994,"she"
"speculate",1,2,54216,37888,0.793909035210994,"she"
"speculate",1,2,54216,37888,0.793909035210994,"she"
"surmise",1,2,54216,37888,0.793909035210994,"she"
"surmise",1,2,54216,37888,0.793909035210994,"she"
"surmise",1,2,54216,37888,0.793909035210994,"she"
"surmise",1,2,54216,37888,0.793909035210994,"she"
"surmise",1,2,54216,37888,0.793909035210994,"she"
"surmise",1,2,54216,37888,0.793909035210994,"she"
"surmise",1,2,54216,37888,0.793909035210994,"she"
"toy",1,2,54216,37888,0.793909035210994,"she"
"tread",1,2,54216,37888,0.793909035210994,"she"
"unfasten",1,2,54216,37888,0.793909035210994,"she"
"unfasten",1,2,54216,37888,0.793909035210994,"she"
"voice",1,2,54216,37888,0.793909035210994,"she"
"voice",1,2,54216,37888,0.793909035210994,"she"
"voice",1,2,54216,37888,0.793909035210994,"she"
"voice",1,2,54216,37888,0.793909035210994,"she"
"voice",1,2,54216,37888,0.793909035210994,"she"
"voice",1,2,54216,37888,0.793909035210994,"she"
"heave",4,5,54213,37885,0.757055787354532,"she"
"object",4,5,54213,37885,0.757055787354532,"she"
"object",4,5,54213,37885,0.757055787354532,"she"
"request",4,5,54213,37885,0.757055787354532,"she"
"request",4,5,54213,37885,0.757055787354532,"she"
"enthuse",11,8,54206,37882,0.00734200397027124,"she"
"question",22,20,54195,37870,0.719875242928475,"she"
"chat",2,3,54215,37887,0.719331263383182,"she"
"chat",2,3,54215,37887,0.719331263383182,"she"
"dive",2,3,54215,37887,0.719331263383182,"she"
"emerge",2,3,54215,37887,0.719331263383182,"she"
"emerge",2,3,54215,37887,0.719331263383182,"she"
"fasten",2,3,54215,37887,0.719331263383182,"she"
"forget",2,3,54215,37887,0.719331263383182,"she"
"imagine",2,3,54215,37887,0.719331263383182,"she"
"pack",2,3,54215,37887,0.719331263383182,"she"
"perch",2,3,54215,37887,0.719331263383182,"she"
"redden",2,3,54215,37887,0.719331263383182,"she"
"scuttle",2,3,54215,37887,0.719331263383182,"she"
"scuttle",2,3,54215,37887,0.719331263383182,"she"
"scuttle",2,3,54215,37887,0.719331263383182,"she"
"scuttle",2,3,54215,37887,0.719331263383182,"she"
"scuttle",2,3,54215,37887,0.719331263383182,"she"
"wake",2,3,54215,37887,0.719331263383182,"she"
"wet",2,3,54215,37887,0.719331263383182,"she"
"wheedle",2,3,54215,37887,0.719331263383182,"she"
"climb",10,10,54207,37880,0.638656732304162,"she"
"shut",10,10,54207,37880,0.638656732304162,"she"
"absorb",1,1,54216,37889,0.0638529906286986,"she"
"absorb",1,1,54216,37889,0.0638529906286986,"she"
"absorb",1,1,54216,37889,0.0638529906286986,"she"
"act",1,1,54216,37889,0.0638529906286986,"she"
"act",1,1,54216,37889,0.0638529906286986,"she"
"affect",1,1,54216,37889,0.0638529906286986,"she"
"affect",1,1,54216,37889,0.0638529906286986,"she"
"affect",1,1,54216,37889,0.0638529906286986,"she"
"alight",1,1,54216,37889,0.0638529906286986,"she"
"alight",1,1,54216,37889,0.0638529906286986,"she"
"amplify",1,1,54216,37889,0.0638529906286986,"she"
"amplify",1,1,54216,37889,0.0638529906286986,"she"
"amplify",1,1,54216,37889,0.0638529906286986,"she"
"amplify",1,1,54216,37889,0.0638529906286986,"she"
"amplify",1,1,54216,37889,0.0638529906286986,"she"
"amplify",1,1,54216,37889,0.0638529906286986,"she"
"appraise",1,1,54216,37889,0.0638529906286986,"she"
"arrange",1,1,54216,37889,0.0638529906286986,"she"
"arrange",1,1,54216,37889,0.0638529906286986,"she"
"arrange",1,1,54216,37889,0.0638529906286986,"she"
"arrange",1,1,54216,37889,0.0638529906286986,"she"
"arrange",1,1,54216,37889,0.0638529906286986,"she"
"arrange",1,1,54216,37889,0.0638529906286986,"she"
"arrange",1,1,54216,37889,0.0638529906286986,"she"
"arrange",1,1,54216,37889,0.0638529906286986,"she"
"arrange",1,1,54216,37889,0.0638529906286986,"she"
"arrange",1,1,54216,37889,0.0638529906286986,"she"
"arrange",1,1,54216,37889,0.0638529906286986,"she"
"beseech",1,1,54216,37889,0.0638529906286986,"she"
"blot",1,1,54216,37889,0.0638529906286986,"she"
"blot",1,1,54216,37889,0.0638529906286986,"she"
"blot",1,1,54216,37889,0.0638529906286986,"she"
"blot",1,1,54216,37889,0.0638529906286986,"she"
"bound",1,1,54216,37889,0.0638529906286986,"she"
"bound",1,1,54216,37889,0.0638529906286986,"she"
"bound",1,1,54216,37889,0.0638529906286986,"she"
"bound",1,1,54216,37889,0.0638529906286986,"she"
"burrow",1,1,54216,37889,0.0638529906286986,"she"
"burrow",1,1,54216,37889,0.0638529906286986,"she"
"burrow",1,1,54216,37889,0.0638529906286986,"she"
"cap",1,1,54216,37889,0.0638529906286986,"she"
"capture",1,1,54216,37889,0.0638529906286986,"she"
"capture",1,1,54216,37889,0.0638529906286986,"she"
"capture",1,1,54216,37889,0.0638529906286986,"she"
"capture",1,1,54216,37889,0.0638529906286986,"she"
"cease",1,1,54216,37889,0.0638529906286986,"she"
"cease",1,1,54216,37889,0.0638529906286986,"she"
"chatter",1,1,54216,37889,0.0638529906286986,"she"
"chatter",1,1,54216,37889,0.0638529906286986,"she"
"chatter",1,1,54216,37889,0.0638529906286986,"she"
"chirrupe",1,1,54216,37889,0.0638529906286986,"she"
"chirrupe",1,1,54216,37889,0.0638529906286986,"she"
"chirrupe",1,1,54216,37889,0.0638529906286986,"she"
"chirrupe",1,1,54216,37889,0.0638529906286986,"she"
"clink",1,1,54216,37889,0.0638529906286986,"she"
"clink",1,1,54216,37889,0.0638529906286986,"she"
"clink",1,1,54216,37889,0.0638529906286986,"she"
"clink",1,1,54216,37889,0.0638529906286986,"she"
"clink",1,1,54216,37889,0.0638529906286986,"she"
"clink",1,1,54216,37889,0.0638529906286986,"she"
"clink",1,1,54216,37889,0.0638529906286986,"she"
"clink",1,1,54216,37889,0.0638529906286986,"she"
"clink",1,1,54216,37889,0.0638529906286986,"she"
"clink",1,1,54216,37889,0.0638529906286986,"she"
"clink",1,1,54216,37889,0.0638529906286986,"she"
"clink",1,1,54216,37889,0.0638529906286986,"she"
"clink",1,1,54216,37889,0.0638529906286986,"she"
"crack",1,1,54216,37889,0.0638529906286986,"she"
"crack",1,1,54216,37889,0.0638529906286986,"she"
"cram",1,1,54216,37889,0.0638529906286986,"she"
"cram",1,1,54216,37889,0.0638529906286986,"she"
"cram",1,1,54216,37889,0.0638529906286986,"she"
"cram",1,1,54216,37889,0.0638529906286986,"she"
"cram",1,1,54216,37889,0.0638529906286986,"she"
"cram",1,1,54216,37889,0.0638529906286986,"she"
"curve",1,1,54216,37889,0.0638529906286986,"she"
"dance",1,1,54216,37889,0.0638529906286986,"she"
"deal",1,1,54216,37889,0.0638529906286986,"she"
"decree",1,1,54216,37889,0.0638529906286986,"she"
"decree",1,1,54216,37889,0.0638529906286986,"she"
"decree",1,1,54216,37889,0.0638529906286986,"she"
"decree",1,1,54216,37889,0.0638529906286986,"she"
"decree",1,1,54216,37889,0.0638529906286986,"she"
"decree",1,1,54216,37889,0.0638529906286986,"she"
"denounce",1,1,54216,37889,0.0638529906286986,"she"
"depict",1,1,54216,37889,0.0638529906286986,"she"
"depict",1,1,54216,37889,0.0638529906286986,"she"
"depict",1,1,54216,37889,0.0638529906286986,"she"
"depict",1,1,54216,37889,0.0638529906286986,"she"
"depict",1,1,54216,37889,0.0638529906286986,"she"
"depict",1,1,54216,37889,0.0638529906286986,"she"
"depict",1,1,54216,37889,0.0638529906286986,"she"
"depict",1,1,54216,37889,0.0638529906286986,"she"
"depict",1,1,54216,37889,0.0638529906286986,"she"
"depict",1,1,54216,37889,0.0638529906286986,"she"
"depict",1,1,54216,37889,0.0638529906286986,"she"
"depict",1,1,54216,37889,0.0638529906286986,"she"
"depict",1,1,54216,37889,0.0638529906286986,"she"
"depict",1,1,54216,37889,0.0638529906286986,"she"
"depict",1,1,54216,37889,0.0638529906286986,"she"
"doubt",1,1,54216,37889,0.0638529906286986,"she"
"doubt",1,1,54216,37889,0.0638529906286986,"she"
"drape",1,1,54216,37889,0.0638529906286986,"she"
"dredge",1,1,54216,37889,0.0638529906286986,"she"
"dredge",1,1,54216,37889,0.0638529906286986,"she"
"dredge",1,1,54216,37889,0.0638529906286986,"she"
"dredge",1,1,54216,37889,0.0638529906286986,"she"
"dredge",1,1,54216,37889,0.0638529906286986,"she"
"dredge",1,1,54216,37889,0.0638529906286986,"she"
"dredge",1,1,54216,37889,0.0638529906286986,"she"
"dredge",1,1,54216,37889,0.0638529906286986,"she"
"dredge",1,1,54216,37889,0.0638529906286986,"she"
"dredge",1,1,54216,37889,0.0638529906286986,"she"
"dredge",1,1,54216,37889,0.0638529906286986,"she"
"escort",1,1,54216,37889,0.0638529906286986,"she"
"escort",1,1,54216,37889,0.0638529906286986,"she"
"escort",1,1,54216,37889,0.0638529906286986,"she"
"escort",1,1,54216,37889,0.0638529906286986,"she"
"escort",1,1,54216,37889,0.0638529906286986,"she"
"escort",1,1,54216,37889,0.0638529906286986,"she"
"escort",1,1,54216,37889,0.0638529906286986,"she"
"escort",1,1,54216,37889,0.0638529906286986,"she"
"escort",1,1,54216,37889,0.0638529906286986,"she"
"escort",1,1,54216,37889,0.0638529906286986,"she"
"escort",1,1,54216,37889,0.0638529906286986,"she"
"escort",1,1,54216,37889,0.0638529906286986,"she"
"escort",1,1,54216,37889,0.0638529906286986,"she"
"flutter",1,1,54216,37889,0.0638529906286986,"she"
"flutter",1,1,54216,37889,0.0638529906286986,"she"
"flutter",1,1,54216,37889,0.0638529906286986,"she"
"fork",1,1,54216,37889,0.0638529906286986,"she"
"fork",1,1,54216,37889,0.0638529906286986,"she"
"fret",1,1,54216,37889,0.0638529906286986,"she"
"fret",1,1,54216,37889,0.0638529906286986,"she"
"fuss",1,1,54216,37889,0.0638529906286986,"she"
"fuss",1,1,54216,37889,0.0638529906286986,"she"
"fuss",1,1,54216,37889,0.0638529906286986,"she"
"fuss",1,1,54216,37889,0.0638529906286986,"she"
"fuss",1,1,54216,37889,0.0638529906286986,"she"
"fuss",1,1,54216,37889,0.0638529906286986,"she"
"fuss",1,1,54216,37889,0.0638529906286986,"she"
"fuss",1,1,54216,37889,0.0638529906286986,"she"
"fuss",1,1,54216,37889,0.0638529906286986,"she"
"graze",1,1,54216,37889,0.0638529906286986,"she"
"graze",1,1,54216,37889,0.0638529906286986,"she"
"graze",1,1,54216,37889,0.0638529906286986,"she"
"graze",1,1,54216,37889,0.0638529906286986,"she"
"grump",1,1,54216,37889,0.0638529906286986,"she"
"grump",1,1,54216,37889,0.0638529906286986,"she"
"grump",1,1,54216,37889,0.0638529906286986,"she"
"grump",1,1,54216,37889,0.0638529906286986,"she"
"heap",1,1,54216,37889,0.0638529906286986,"she"
"heap",1,1,54216,37889,0.0638529906286986,"she"
"hiccup",1,1,54216,37889,0.0638529906286986,"she"
"hiccup",1,1,54216,37889,0.0638529906286986,"she"
"hiccup",1,1,54216,37889,0.0638529906286986,"she"
"hiccup",1,1,54216,37889,0.0638529906286986,"she"
"hiccup",1,1,54216,37889,0.0638529906286986,"she"
"hunt",1,1,54216,37889,0.0638529906286986,"she"
"hunt",1,1,54216,37889,0.0638529906286986,"she"
"inch",1,1,54216,37889,0.0638529906286986,"she"
"increase",1,1,54216,37889,0.0638529906286986,"she"
"increase",1,1,54216,37889,0.0638529906286986,"she"
"increase",1,1,54216,37889,0.0638529906286986,"she"
"intervene",1,1,54216,37889,0.0638529906286986,"she"
"intervene",1,1,54216,37889,0.0638529906286986,"she"
"intervene",1,1,54216,37889,0.0638529906286986,"she"
"intervene",1,1,54216,37889,0.0638529906286986,"she"
"intervene",1,1,54216,37889,0.0638529906286986,"she"
"intervene",1,1,54216,37889,0.0638529906286986,"she"
"intervene",1,1,54216,37889,0.0638529906286986,"she"
"intervene",1,1,54216,37889,0.0638529906286986,"she"
"liken",1,1,54216,37889,0.0638529906286986,"she"
"liken",1,1,54216,37889,0.0638529906286986,"she"
"linger",1,1,54216,37889,0.0638529906286986,"she"
"linger",1,1,54216,37889,0.0638529906286986,"she"
"linger",1,1,54216,37889,0.0638529906286986,"she"
"linger",1,1,54216,37889,0.0638529906286986,"she"
"linger",1,1,54216,37889,0.0638529906286986,"she"
"linger",1,1,54216,37889,0.0638529906286986,"she"
"linger",1,1,54216,37889,0.0638529906286986,"she"
"linger",1,1,54216,37889,0.0638529906286986,"she"
"linger",1,1,54216,37889,0.0638529906286986,"she"
"linger",1,1,54216,37889,0.0638529906286986,"she"
"linger",1,1,54216,37889,0.0638529906286986,"she"
"linger",1,1,54216,37889,0.0638529906286986,"she"
"linger",1,1,54216,37889,0.0638529906286986,"she"
"linger",1,1,54216,37889,0.0638529906286986,"she"
"linger",1,1,54216,37889,0.0638529906286986,"she"
"linger",1,1,54216,37889,0.0638529906286986,"she"
"linger",1,1,54216,37889,0.0638529906286986,"she"
"linger",1,1,54216,37889,0.0638529906286986,"she"
"linger",1,1,54216,37889,0.0638529906286986,"she"
"organise",1,1,54216,37889,0.0638529906286986,"she"
"organise",1,1,54216,37889,0.0638529906286986,"she"
"organise",1,1,54216,37889,0.0638529906286986,"she"
"organise",1,1,54216,37889,0.0638529906286986,"she"
"organise",1,1,54216,37889,0.0638529906286986,"she"
"organise",1,1,54216,37889,0.0638529906286986,"she"
"organise",1,1,54216,37889,0.0638529906286986,"she"
"park",1,1,54216,37889,0.0638529906286986,"she"
"park",1,1,54216,37889,0.0638529906286986,"she"
"park",1,1,54216,37889,0.0638529906286986,"she"
"park",1,1,54216,37889,0.0638529906286986,"she"
"park",1,1,54216,37889,0.0638529906286986,"she"
"park",1,1,54216,37889,0.0638529906286986,"she"
"perform",1,1,54216,37889,0.0638529906286986,"she"
"perform",1,1,54216,37889,0.0638529906286986,"she"
"persevere",1,1,54216,37889,0.0638529906286986,"she"
"persevere",1,1,54216,37889,0.0638529906286986,"she"
"phrase",1,1,54216,37889,0.0638529906286986,"she"
"pinch",1,1,54216,37889,0.0638529906286986,"she"
"pipe",1,1,54216,37889,0.0638529906286986,"she"
"pipe",1,1,54216,37889,0.0638529906286986,"she"
"pipe",1,1,54216,37889,0.0638529906286986,"she"
"plonk",1,1,54216,37889,0.0638529906286986,"she"
"plump",1,1,54216,37889,0.0638529906286986,"she"
"pose",1,1,54216,37889,0.0638529906286986,"she"
"pose",1,1,54216,37889,0.0638529906286986,"she"
"pose",1,1,54216,37889,0.0638529906286986,"she"
"pose",1,1,54216,37889,0.0638529906286986,"she"
"pose",1,1,54216,37889,0.0638529906286986,"she"
"pose",1,1,54216,37889,0.0638529906286986,"she"
"pose",1,1,54216,37889,0.0638529906286986,"she"
"pose",1,1,54216,37889,0.0638529906286986,"she"
"provoke",1,1,54216,37889,0.0638529906286986,"she"
"puzzle",1,1,54216,37889,0.0638529906286986,"she"
"puzzle",1,1,54216,37889,0.0638529906286986,"she"
"puzzle",1,1,54216,37889,0.0638529906286986,"she"
"rally",1,1,54216,37889,0.0638529906286986,"she"
"rally",1,1,54216,37889,0.0638529906286986,"she"
"rally",1,1,54216,37889,0.0638529906286986,"she"
"rally",1,1,54216,37889,0.0638529906286986,"she"
"rally",1,1,54216,37889,0.0638529906286986,"she"
"rally",1,1,54216,37889,0.0638529906286986,"she"
"rally",1,1,54216,37889,0.0638529906286986,"she"
"rally",1,1,54216,37889,0.0638529906286986,"she"
"rally",1,1,54216,37889,0.0638529906286986,"she"
"recollect",1,1,54216,37889,0.0638529906286986,"she"
"recollect",1,1,54216,37889,0.0638529906286986,"she"
"recount",1,1,54216,37889,0.0638529906286986,"she"
"recount",1,1,54216,37889,0.0638529906286986,"she"
"recount",1,1,54216,37889,0.0638529906286986,"she"
"recount",1,1,54216,37889,0.0638529906286986,"she"
"recount",1,1,54216,37889,0.0638529906286986,"she"
"recount",1,1,54216,37889,0.0638529906286986,"she"
"renounce",1,1,54216,37889,0.0638529906286986,"she"
"renounce",1,1,54216,37889,0.0638529906286986,"she"
"renounce",1,1,54216,37889,0.0638529906286986,"she"
"renounce",1,1,54216,37889,0.0638529906286986,"she"
"retire",1,1,54216,37889,0.0638529906286986,"she"
"retrieve",1,1,54216,37889,0.0638529906286986,"she"
"rev",1,1,54216,37889,0.0638529906286986,"she"
"rev",1,1,54216,37889,0.0638529906286986,"she"
"rev",1,1,54216,37889,0.0638529906286986,"she"
"rev",1,1,54216,37889,0.0638529906286986,"she"
"rev",1,1,54216,37889,0.0638529906286986,"she"
"ripost",1,1,54216,37889,0.0638529906286986,"she"
"ripost",1,1,54216,37889,0.0638529906286986,"she"
"rotate",1,1,54216,37889,0.0638529906286986,"she"
"rotate",1,1,54216,37889,0.0638529906286986,"she"
"rotate",1,1,54216,37889,0.0638529906286986,"she"
"rotate",1,1,54216,37889,0.0638529906286986,"she"
"rotate",1,1,54216,37889,0.0638529906286986,"she"
"rotate",1,1,54216,37889,0.0638529906286986,"she"
"scamper",1,1,54216,37889,0.0638529906286986,"she"
"scamper",1,1,54216,37889,0.0638529906286986,"she"
"scamper",1,1,54216,37889,0.0638529906286986,"she"
"scamper",1,1,54216,37889,0.0638529906286986,"she"
"scamper",1,1,54216,37889,0.0638529906286986,"she"
"scamper",1,1,54216,37889,0.0638529906286986,"she"
"scamper",1,1,54216,37889,0.0638529906286986,"she"
"scamper",1,1,54216,37889,0.0638529906286986,"she"
"scamper",1,1,54216,37889,0.0638529906286986,"she"
"scamper",1,1,54216,37889,0.0638529906286986,"she"
"scamper",1,1,54216,37889,0.0638529906286986,"she"
"scamper",1,1,54216,37889,0.0638529906286986,"she"
"scamper",1,1,54216,37889,0.0638529906286986,"she"
"shy",1,1,54216,37889,0.0638529906286986,"she"
"shy",1,1,54216,37889,0.0638529906286986,"she"
"shy",1,1,54216,37889,0.0638529906286986,"she"
"shy",1,1,54216,37889,0.0638529906286986,"she"
"shy",1,1,54216,37889,0.0638529906286986,"she"
"shy",1,1,54216,37889,0.0638529906286986,"she"
"shy",1,1,54216,37889,0.0638529906286986,"she"
"shy",1,1,54216,37889,0.0638529906286986,"she"
"shy",1,1,54216,37889,0.0638529906286986,"she"
"shy",1,1,54216,37889,0.0638529906286986,"she"
"shy",1,1,54216,37889,0.0638529906286986,"she"
"shy",1,1,54216,37889,0.0638529906286986,"she"
"shy",1,1,54216,37889,0.0638529906286986,"she"
"shy",1,1,54216,37889,0.0638529906286986,"she"
"shy",1,1,54216,37889,0.0638529906286986,"she"
"shy",1,1,54216,37889,0.0638529906286986,"she"
"snake",1,1,54216,37889,0.0638529906286986,"she"
"snake",1,1,54216,37889,0.0638529906286986,"she"
"snake",1,1,54216,37889,0.0638529906286986,"she"
"snake",1,1,54216,37889,0.0638529906286986,"she"
"snake",1,1,54216,37889,0.0638529906286986,"she"
"snake",1,1,54216,37889,0.0638529906286986,"she"
"snake",1,1,54216,37889,0.0638529906286986,"she"
"snake",1,1,54216,37889,0.0638529906286986,"she"
"snake",1,1,54216,37889,0.0638529906286986,"she"
"snake",1,1,54216,37889,0.0638529906286986,"she"
"snake",1,1,54216,37889,0.0638529906286986,"she"
"snake",1,1,54216,37889,0.0638529906286986,"she"
"snake",1,1,54216,37889,0.0638529906286986,"she"
"snake",1,1,54216,37889,0.0638529906286986,"she"
"snake",1,1,54216,37889,0.0638529906286986,"she"
"snake",1,1,54216,37889,0.0638529906286986,"she"
"snake",1,1,54216,37889,0.0638529906286986,"she"
"snake",1,1,54216,37889,0.0638529906286986,"she"
"snake",1,1,54216,37889,0.0638529906286986,"she"
"snake",1,1,54216,37889,0.0638529906286986,"she"
"swim",1,1,54216,37889,0.0638529906286986,"she"
"swish",1,1,54216,37889,0.0638529906286986,"she"
"swish",1,1,54216,37889,0.0638529906286986,"she"
"tear",1,1,54216,37889,0.0638529906286986,"she"
"tear",1,1,54216,37889,0.0638529906286986,"she"
"tempt",1,1,54216,37889,0.0638529906286986,"she"
"tempt",1,1,54216,37889,0.0638529906286986,"she"
"tempt",1,1,54216,37889,0.0638529906286986,"she"
"tempt",1,1,54216,37889,0.0638529906286986,"she"
"toil",1,1,54216,37889,0.0638529906286986,"she"
"toil",1,1,54216,37889,0.0638529906286986,"she"
"toil",1,1,54216,37889,0.0638529906286986,"she"
"toil",1,1,54216,37889,0.0638529906286986,"she"
"toil",1,1,54216,37889,0.0638529906286986,"she"
"toil",1,1,54216,37889,0.0638529906286986,"she"
"toil",1,1,54216,37889,0.0638529906286986,"she"
"toil",1,1,54216,37889,0.0638529906286986,"she"
"toil",1,1,54216,37889,0.0638529906286986,"she"
"toil",1,1,54216,37889,0.0638529906286986,"she"
"twitch",1,1,54216,37889,0.0638529906286986,"she"
"twitch",1,1,54216,37889,0.0638529906286986,"she"
"twitch",1,1,54216,37889,0.0638529906286986,"she"
"undress",1,1,54216,37889,0.0638529906286986,"she"
"undress",1,1,54216,37889,0.0638529906286986,"she"
"undress",1,1,54216,37889,0.0638529906286986,"she"
"undress",1,1,54216,37889,0.0638529906286986,"she"
"unwound",1,1,54216,37889,0.0638529906286986,"she"
"unwound",1,1,54216,37889,0.0638529906286986,"she"
"value",1,1,54216,37889,0.0638529906286986,"she"
"value",1,1,54216,37889,0.0638529906286986,"she"
"value",1,1,54216,37889,0.0638529906286986,"she"
"value",1,1,54216,37889,0.0638529906286986,"she"
"value",1,1,54216,37889,0.0638529906286986,"she"
"waft",1,1,54216,37889,0.0638529906286986,"she"
"waft",1,1,54216,37889,0.0638529906286986,"she"
"waft",1,1,54216,37889,0.0638529906286986,"she"
"wheel",1,1,54216,37889,0.0638529906286986,"she"
"wheel",1,1,54216,37889,0.0638529906286986,"she"
"whisk",1,1,54216,37889,0.0638529906286986,"she"
"whisk",1,1,54216,37889,0.0638529906286986,"she"
"whisk",1,1,54216,37889,0.0638529906286986,"she"
"whisk",1,1,54216,37889,0.0638529906286986,"she"
"yank",1,1,54216,37889,0.0638529906286986,"she"
"yank",1,1,54216,37889,0.0638529906286986,"she"
"yank",1,1,54216,37889,0.0638529906286986,"she"
"yank",1,1,54216,37889,0.0638529906286986,"she"
"yank",1,1,54216,37889,0.0638529906286986,"she"
"yank",1,1,54216,37889,0.0638529906286986,"she"
"yank",1,1,54216,37889,0.0638529906286986,"she"
"yank",1,1,54216,37889,0.0638529906286986,"she"
"yank",1,1,54216,37889,0.0638529906286986,"she"
"yank",1,1,54216,37889,0.0638529906286986,"she"
"yank",1,1,54216,37889,0.0638529906286986,"she"
"yank",1,1,54216,37889,0.0638529906286986,"she"
"yank",1,1,54216,37889,0.0638529906286986,"she"
"yank",1,1,54216,37889,0.0638529906286986,"she"
"yank",1,1,54216,37889,0.0638529906286986,"she"
"yank",1,1,54216,37889,0.0638529906286986,"she"
"yank",1,1,54216,37889,0.0638529906286986,"she"
"yank",1,1,54216,37889,0.0638529906286986,"she"
"yank",1,1,54216,37889,0.0638529906286986,"she"
"yank",1,1,54216,37889,0.0638529906286986,"she"
"yank",1,1,54216,37889,0.0638529906286986,"she"
"yank",1,1,54216,37889,0.0638529906286986,"she"
"yank",1,1,54216,37889,0.0638529906286986,"she"
"yank",1,1,54216,37889,0.0638529906286986,"she"
"yank",1,1,54216,37889,0.0638529906286986,"she"
"yank",1,1,54216,37889,0.0638529906286986,"she"
"yank",1,1,54216,37889,0.0638529906286986,"she"
"yank",1,1,54216,37889,0.0638529906286986,"she"
"yank",1,1,54216,37889,0.0638529906286986,"she"
"yank",1,1,54216,37889,0.0638529906286986,"she"
"yank",1,1,54216,37889,0.0638529906286986,"she"
"yank",1,1,54216,37889,0.0638529906286986,"she"
"yank",1,1,54216,37889,0.0638529906286986,"she"
"yank",1,1,54216,37889,0.0638529906286986,"she"
"yank",1,1,54216,37889,0.0638529906286986,"she"
"yank",1,1,54216,37889,0.0638529906286986,"she"
"yank",1,1,54216,37889,0.0638529906286986,"she"
"yank",1,1,54216,37889,0.0638529906286986,"she"
"yank",1,1,54216,37889,0.0638529906286986,"she"
"yank",1,1,54216,37889,0.0638529906286986,"she"
"yank",1,1,54216,37889,0.0638529906286986,"she"
"yank",1,1,54216,37889,0.0638529906286986,"she"
"yank",1,1,54216,37889,0.0638529906286986,"she"
"yank",1,1,54216,37889,0.0638529906286986,"she"
"yank",1,1,54216,37889,0.0638529906286986,"she"
"yank",1,1,54216,37889,0.0638529906286986,"she"
"yank",1,1,54216,37889,0.0638529906286986,"she"
"yank",1,1,54216,37889,0.0638529906286986,"she"
"yank",1,1,54216,37889,0.0638529906286986,"she"
"yank",1,1,54216,37889,0.0638529906286986,"she"
"yank",1,1,54216,37889,0.0638529906286986,"she"
"yank",1,1,54216,37889,0.0638529906286986,"she"
"yank",1,1,54216,37889,0.0638529906286986,"she"
"yank",1,1,54216,37889,0.0638529906286986,"she"
"yank",1,1,54216,37889,0.0638529906286986,"she"
"yank",1,1,54216,37889,0.0638529906286986,"she"
"yank",1,1,54216,37889,0.0638529906286986,"she"
"yank",1,1,54216,37889,0.0638529906286986,"she"
"yank",1,1,54216,37889,0.0638529906286986,"she"
"yank",1,1,54216,37889,0.0638529906286986,"she"
"yank",1,1,54216,37889,0.0638529906286986,"she"
"yank",1,1,54216,37889,0.0638529906286986,"she"
"yank",1,1,54216,37889,0.0638529906286986,"she"
"yank",1,1,54216,37889,0.0638529906286986,"she"
"yank",1,1,54216,37889,0.0638529906286986,"she"
"yank",1,1,54216,37889,0.0638529906286986,"she"
"yank",1,1,54216,37889,0.0638529906286986,"she"
"yank",1,1,54216,37889,0.0638529906286986,"she"
"yank",1,1,54216,37889,0.0638529906286986,"she"
"yank",1,1,54216,37889,0.0638529906286986,"she"
"yank",1,1,54216,37889,0.0638529906286986,"she"
"yank",1,1,54216,37889,0.0638529906286986,"she"
"yank",1,1,54216,37889,0.0638529906286986,"she"
"yank",1,1,54216,37889,0.0638529906286986,"she"
"yank",1,1,54216,37889,0.0638529906286986,"she"
"yank",1,1,54216,37889,0.0638529906286986,"she"
"yank",1,1,54216,37889,0.0638529906286986,"she"
"yank",1,1,54216,37889,0.0638529906286986,"she"
"yank",1,1,54216,37889,0.0638529906286986,"she"
"yank",1,1,54216,37889,0.0638529906286986,"she"
"yank",1,1,54216,37889,0.0638529906286986,"she"
"yank",1,1,54216,37889,0.0638529906286986,"she"
"yank",1,1,54216,37889,0.0638529906286986,"she"
"yank",1,1,54216,37889,0.0638529906286986,"she"
"yank",1,1,54216,37889,0.0638529906286986,"she"
"yank",1,1,54216,37889,0.0638529906286986,"she"
"yank",1,1,54216,37889,0.0638529906286986,"she"
"yank",1,1,54216,37889,0.0638529906286986,"she"
"yank",1,1,54216,37889,0.0638529906286986,"she"
"yank",1,1,54216,37889,0.0638529906286986,"she"
"yank",1,1,54216,37889,0.0638529906286986,"she"
"yank",1,1,54216,37889,0.0638529906286986,"she"
"yank",1,1,54216,37889,0.0638529906286986,"she"
"yank",1,1,54216,37889,0.0638529906286986,"she"
"yank",1,1,54216,37889,0.0638529906286986,"she"
"yank",1,1,54216,37889,0.0638529906286986,"she"
"yank",1,1,54216,37889,0.0638529906286986,"she"
"yank",1,1,54216,37889,0.0638529906286986,"she"
"yank",1,1,54216,37889,0.0638529906286986,"she"
"yank",1,1,54216,37889,0.0638529906286986,"she"
"yank",1,1,54216,37889,0.0638529906286986,"she"
"yank",1,1,54216,37889,0.0638529906286986,"she"
"yank",1,1,54216,37889,0.0638529906286986,"she"
"yank",1,1,54216,37889,0.0638529906286986,"she"
"yank",1,1,54216,37889,0.0638529906286986,"she"
"yank",1,1,54216,37889,0.0638529906286986,"she"
"yank",1,1,54216,37889,0.0638529906286986,"she"
"yank",1,1,54216,37889,0.0638529906286986,"she"
"yank",1,1,54216,37889,0.0638529906286986,"she"
"yank",1,1,54216,37889,0.0638529906286986,"she"
"yank",1,1,54216,37889,0.0638529906286986,"she"
"yank",1,1,54216,37889,0.0638529906286986,"she"
"yank",1,1,54216,37889,0.0638529906286986,"she"
"yank",1,1,54216,37889,0.0638529906286986,"she"
"yank",1,1,54216,37889,0.0638529906286986,"she"
"yank",1,1,54216,37889,0.0638529906286986,"she"
"yank",1,1,54216,37889,0.0638529906286986,"she"
"yank",1,1,54216,37889,0.0638529906286986,"she"
"yank",1,1,54216,37889,0.0638529906286986,"she"
"yank",1,1,54216,37889,0.0638529906286986,"she"
"yank",1,1,54216,37889,0.0638529906286986,"she"
"yank",1,1,54216,37889,0.0638529906286986,"she"
"yank",1,1,54216,37889,0.0638529906286986,"she"
"yank",1,1,54216,37889,0.0638529906286986,"she"
"yank",1,1,54216,37889,0.0638529906286986,"she"
"yank",1,1,54216,37889,0.0638529906286986,"she"
"yank",1,1,54216,37889,0.0638529906286986,"she"
"yank",1,1,54216,37889,0.0638529906286986,"she"
"yank",1,1,54216,37889,0.0638529906286986,"she"
"yank",1,1,54216,37889,0.0638529906286986,"she"
"yank",1,1,54216,37889,0.0638529906286986,"she"
"yank",1,1,54216,37889,0.0638529906286986,"she"
"yank",1,1,54216,37889,0.0638529906286986,"she"
"yank",1,1,54216,37889,0.0638529906286986,"she"
"yank",1,1,54216,37889,0.0638529906286986,"she"
"yank",1,1,54216,37889,0.0638529906286986,"she"
"yank",1,1,54216,37889,0.0638529906286986,"she"
"yank",1,1,54216,37889,0.0638529906286986,"she"
"yank",1,1,54216,37889,0.0638529906286986,"she"
"yank",1,1,54216,37889,0.0638529906286986,"she"
"yank",1,1,54216,37889,0.0638529906286986,"she"
"yank",1,1,54216,37889,0.0638529906286986,"she"
"yank",1,1,54216,37889,0.0638529906286986,"she"
"yank",1,1,54216,37889,0.0638529906286986,"she"
"yank",1,1,54216,37889,0.0638529906286986,"she"
"yank",1,1,54216,37889,0.0638529906286986,"she"
"yank",1,1,54216,37889,0.0638529906286986,"she"
"yank",1,1,54216,37889,0.0638529906286986,"she"
"yank",1,1,54216,37889,0.0638529906286986,"she"
"yank",1,1,54216,37889,0.0638529906286986,"she"
"yank",1,1,54216,37889,0.0638529906286986,"she"
"yank",1,1,54216,37889,0.0638529906286986,"she"
"yank",1,1,54216,37889,0.0638529906286986,"she"
"yank",1,1,54216,37889,0.0638529906286986,"she"
"yank",1,1,54216,37889,0.0638529906286986,"she"
"yank",1,1,54216,37889,0.0638529906286986,"she"
"yank",1,1,54216,37889,0.0638529906286986,"she"
"yank",1,1,54216,37889,0.0638529906286986,"she"
"yank",1,1,54216,37889,0.0638529906286986,"she"
"yank",1,1,54216,37889,0.0638529906286986,"she"
"yank",1,1,54216,37889,0.0638529906286986,"she"
"yank",1,1,54216,37889,0.0638529906286986,"she"
"yank",1,1,54216,37889,0.0638529906286986,"she"
"yank",1,1,54216,37889,0.0638529906286986,"she"
"yank",1,1,54216,37889,0.0638529906286986,"she"
"yank",1,1,54216,37889,0.0638529906286986,"she"
"yank",1,1,54216,37889,0.0638529906286986,"she"
"yank",1,1,54216,37889,0.0638529906286986,"she"
"yank",1,1,54216,37889,0.0638529906286986,"she"
"yank",1,1,54216,37889,0.0638529906286986,"she"
"yank",1,1,54216,37889,0.0638529906286986,"she"
"yank",1,1,54216,37889,0.0638529906286986,"she"
"yank",1,1,54216,37889,0.0638529906286986,"she"
"yank",1,1,54216,37889,0.0638529906286986,"she"
"yank",1,1,54216,37889,0.0638529906286986,"she"
"yank",1,1,54216,37889,0.0638529906286986,"she"
"yank",1,1,54216,37889,0.0638529906286986,"she"
"yank",1,1,54216,37889,0.0638529906286986,"she"
"yank",1,1,54216,37889,0.0638529906286986,"she"
"yank",1,1,54216,37889,0.0638529906286986,"she"
"yank",1,1,54216,37889,0.0638529906286986,"she"
"yank",1,1,54216,37889,0.0638529906286986,"she"
"yank",1,1,54216,37889,0.0638529906286986,"she"
"yank",1,1,54216,37889,0.0638529906286986,"she"
"reply",613,450,53604,37440,0.633598236207526,"she"
"drink",20,18,54197,37872,0.602128803735757,"she"
"fold",17,13,54200,37877,0.0594889758912727,"she"
"call",256,183,53961,37707,0.0547749949529512,"she"
"wipe",13,10,54204,37880,0.0518058602570655,"she"
"cross",24,18,54193,37872,0.0511452796487097,"she"
"roll",24,18,54193,37872,0.0511452796487097,"she"
"relax",8,8,54209,37882,0.510902835494865,"she"
"scoff",8,8,54209,37882,0.510902835494865,"she"
"sip",27,23,54190,37867,0.483667839517813,"she"
"ignore",31,23,54186,37867,0.0471212107309278,"she"
"sit",176,133,54041,37757,0.462697920079693,"she"
"die",9,7,54208,37883,0.0448610631584784,"she"
"fire",5,4,54212,37886,0.0403696752594531,"she"
"fly",5,4,54212,37886,0.0403696752594531,"she"
"fly",5,4,54212,37886,0.0403696752594531,"she"
"realize",5,4,54212,37886,0.0403696752594531,"she"
"regret",5,4,54212,37886,0.0403696752594531,"she"
"wander",5,4,54212,37886,0.0403696752594531,"she"
"wander",5,4,54212,37886,0.0403696752594531,"she"
"greet",21,18,54196,37872,0.401353056073237,"she"
"fill",6,6,54211,37884,0.383160215339543,"she"
"smooth",6,6,54211,37884,0.383160215339543,"she"
"chide",16,14,54201,37876,0.374714857889551,"she"
"utter",16,14,54201,37876,0.374714857889551,"she"
"pat",29,24,54188,37866,0.373147405258629,"she"
"concede",37,30,54180,37860,0.363823361671685,"she"
"arch",5,5,54212,37885,0.319293133554091,"she"
"arch",5,5,54212,37885,0.319293133554091,"she"
"fetch",5,5,54212,37885,0.319293133554091,"she"
"scan",5,5,54212,37885,0.319293133554091,"she"
"scan",5,5,54212,37885,0.319293133554091,"she"
"usher",5,5,54212,37885,0.319293133554091,"she"
"open",89,68,54128,37822,0.305773459775327,"she"
"fumble",10,9,54207,37881,0.301001509861685,"she"
"poke",10,9,54207,37881,0.301001509861685,"she"
"gaze",47,37,54170,37853,0.292266059302785,"she"
"settle",12,9,54205,37881,0.0255667847977885,"she"
"count",4,4,54213,37886,0.255428870385404,"she"
"direct",4,4,54213,37886,0.255428870385404,"she"
"direct",4,4,54213,37886,0.255428870385404,"she"
"fiddle",4,4,54213,37886,0.255428870385404,"she"
"fiddle",4,4,54213,37886,0.255428870385404,"she"
"fiddle",4,4,54213,37886,0.255428870385404,"she"
"focus",4,4,54213,37886,0.255428870385404,"she"
"focus",4,4,54213,37886,0.255428870385404,"she"
"scoop",4,4,54213,37886,0.255428870385404,"she"
"seek",4,4,54213,37886,0.255428870385404,"she"
"treat",4,4,54213,37886,0.255428870385404,"she"
"ease",9,8,54208,37882,0.243334107385115,"she"
"love",9,8,54208,37882,0.243334107385115,"she"
"swivel",9,8,54208,37882,0.243334107385115,"she"
"thank",9,8,54208,37882,0.243334107385115,"she"
"tuck",9,8,54208,37882,0.243334107385115,"she"
"smile",741,532,53476,37358,0.227732243590875,"she"
"squeeze",19,14,54198,37876,0.0225240541423725,"she"
"yell",108,76,54109,37814,0.00213301687048362,"she"
"reveal",17,14,54200,37876,0.205624905324103,"she"
"mourn",3,3,54214,37887,0.191567425620163,"she"
"parry",3,3,54214,37887,0.191567425620163,"she"
"pop",3,3,54214,37887,0.191567425620163,"she"
"rebuke",3,3,54214,37887,0.191567425620163,"she"
"smack",3,3,54214,37887,0.191567425620163,"she"
"view",3,3,54214,37887,0.191567425620163,"she"
"yelp",3,3,54214,37887,0.191567425620163,"she"
"yelp",3,3,54214,37887,0.191567425620163,"she"
"probe",8,7,54209,37883,0.187326565976483,"she"
"persist",47,36,54170,37854,0.170744337215946,"she"
"clasp",8,6,54209,37884,0.0170432224666086,"she"
"drain",8,6,54209,37884,0.0170432224666086,"she"
"pray",8,6,54209,37884,0.0170432224666086,"she"
"stamp",8,6,54209,37884,0.0170432224666086,"she"
"lay",22,16,54195,37874,0.0146870451878568,"she"
"avoid",7,5,54210,37885,0.00138904663947348,"she"
"live",7,5,54210,37885,0.00138904663947348,"she"
"straighten",27,21,54190,37869,0.134630246727359,"she"
"stir",7,6,54210,37884,0.133746186624123,"she"
"blame",2,2,54215,37888,0.127708799116131,"she"
"bolt",2,2,54215,37888,0.127708799116131,"she"
"bolt",2,2,54215,37888,0.127708799116131,"she"
"bounce",2,2,54215,37888,0.127708799116131,"she"
"burble",2,2,54215,37888,0.127708799116131,"she"
"bustle",2,2,54215,37888,0.127708799116131,"she"
"busy",2,2,54215,37888,0.127708799116131,"she"
"busy",2,2,54215,37888,0.127708799116131,"she"
"cheer",2,2,54215,37888,0.127708799116131,"she"
"cheer",2,2,54215,37888,0.127708799116131,"she"
"clamber",2,2,54215,37888,0.127708799116131,"she"
"clatter",2,2,54215,37888,0.127708799116131,"she"
"cluck",2,2,54215,37888,0.127708799116131,"she"
"collapse",2,2,54215,37888,0.127708799116131,"she"
"commence",2,2,54215,37888,0.127708799116131,"she"
"commence",2,2,54215,37888,0.127708799116131,"she"
"dangle",2,2,54215,37888,0.127708799116131,"she"
"deposit",2,2,54215,37888,0.127708799116131,"she"
"deposit",2,2,54215,37888,0.127708799116131,"she"
"deposit",2,2,54215,37888,0.127708799116131,"she"
"deposit",2,2,54215,37888,0.127708799116131,"she"
"flee",2,2,54215,37888,0.127708799116131,"she"
"hover",2,2,54215,37888,0.127708799116131,"she"
"hunch",2,2,54215,37888,0.127708799116131,"she"
"hunch",2,2,54215,37888,0.127708799116131,"she"
"hunch",2,2,54215,37888,0.127708799116131,"she"
"jabber",2,2,54215,37888,0.127708799116131,"she"
"jabber",2,2,54215,37888,0.127708799116131,"she"
"jabber",2,2,54215,37888,0.127708799116131,"she"
"jabber",2,2,54215,37888,0.127708799116131,"she"
"jabber",2,2,54215,37888,0.127708799116131,"she"
"jabber",2,2,54215,37888,0.127708799116131,"she"
"jabber",2,2,54215,37888,0.127708799116131,"she"
"lever",2,2,54215,37888,0.127708799116131,"she"
"lever",2,2,54215,37888,0.127708799116131,"she"
"lever",2,2,54215,37888,0.127708799116131,"she"
"lever",2,2,54215,37888,0.127708799116131,"she"
"marvel",2,2,54215,37888,0.127708799116131,"she"
"opt",2,2,54215,37888,0.127708799116131,"she"
"opt",2,2,54215,37888,0.127708799116131,"she"
"peel",2,2,54215,37888,0.127708799116131,"she"
"peel",2,2,54215,37888,0.127708799116131,"she"
"peel",2,2,54215,37888,0.127708799116131,"she"
"peel",2,2,54215,37888,0.127708799116131,"she"
"present",2,2,54215,37888,0.127708799116131,"she"
"present",2,2,54215,37888,0.127708799116131,"she"
"present",2,2,54215,37888,0.127708799116131,"she"
"ram",2,2,54215,37888,0.127708799116131,"she"
"ram",2,2,54215,37888,0.127708799116131,"she"
"ram",2,2,54215,37888,0.127708799116131,"she"
"rejoin",2,2,54215,37888,0.127708799116131,"she"
"rejoin",2,2,54215,37888,0.127708799116131,"she"
"rejoin",2,2,54215,37888,0.127708799116131,"she"
"rejoin",2,2,54215,37888,0.127708799116131,"she"
"rejoin",2,2,54215,37888,0.127708799116131,"she"
"rejoin",2,2,54215,37888,0.127708799116131,"she"
"riffle",2,2,54215,37888,0.127708799116131,"she"
"scrabble",2,2,54215,37888,0.127708799116131,"she"
"scrub",2,2,54215,37888,0.127708799116131,"she"
"scrub",2,2,54215,37888,0.127708799116131,"she"
"scrub",2,2,54215,37888,0.127708799116131,"she"
"scrub",2,2,54215,37888,0.127708799116131,"she"
"scrub",2,2,54215,37888,0.127708799116131,"she"
"scrub",2,2,54215,37888,0.127708799116131,"she"
"scrub",2,2,54215,37888,0.127708799116131,"she"
"scrub",2,2,54215,37888,0.127708799116131,"she"
"spot",2,2,54215,37888,0.127708799116131,"she"
"spot",2,2,54215,37888,0.127708799116131,"she"
"spot",2,2,54215,37888,0.127708799116131,"she"
"squawk",2,2,54215,37888,0.127708799116131,"she"
"steer",2,2,54215,37888,0.127708799116131,"she"
"succeed",2,2,54215,37888,0.127708799116131,"she"
"succeed",2,2,54215,37888,0.127708799116131,"she"
"warm",2,2,54215,37888,0.127708799116131,"she"
"warm",2,2,54215,37888,0.127708799116131,"she"
"warm",2,2,54215,37888,0.127708799116131,"she"
"make",166,121,54051,37769,0.124209581890257,"she"
"search",11,9,54206,37881,0.122262686851414,"she"
"tilt",14,11,54203,37879,0.084114902187526,"she"
"reassure",10,8,54207,37882,0.080747298866356,"she"
"step",36,27,54181,37863,0.076735492632992,"she"
"bid",3,4,54214,37886,0.72519117463778,"she"
"bid",3,4,54214,37886,0.72519117463778,"she"
"caution",3,4,54214,37886,0.72519117463778,"she"
"caution",3,4,54214,37886,0.72519117463778,"she"
"caution",3,4,54214,37886,0.72519117463778,"she"
"complete",3,4,54214,37886,0.72519117463778,"she"
"contemplate",3,4,54214,37886,0.72519117463778,"she"
"hedge",3,4,54214,37886,0.72519117463778,"she"
"hurl",3,4,54214,37886,0.72519117463778,"she"
"race",3,4,54214,37886,0.72519117463778,"she"
"race",3,4,54214,37886,0.72519117463778,"she"
"race",3,4,54214,37886,0.72519117463778,"she"
"race",3,4,54214,37886,0.72519117463778,"she"
"risk",3,4,54214,37886,0.72519117463778,"she"
"ruffle",3,4,54214,37886,0.72519117463778,"she"
"seethe",3,4,54214,37886,0.72519117463778,"she"
"summon",3,4,54214,37886,0.72519117463778,"she"
"unlock",3,4,54214,37886,0.72519117463778,"she"
"wag",3,4,54214,37886,0.72519117463778,"she"
"back",7,7,54210,37883,0.44703011593101,"she"
"eat",7,7,54210,37883,0.44703011593101,"she"
"catch",37,29,54180,37861,0.21288296134412,"she"
"confirm",23,20,54194,37870,0.5075991962333,"she"
"fix",12,10,54205,37880,0.167862740265,"she"
"yawn",12,10,54205,37880,0.167862740265,"she"
"say",19301,11710,34916,26180,221.113740025537,"he"
"growl",158,5,54059,37885,131.833639357989,"he"
"drawl",172,10,54045,37880,122.790669077291,"he"
"write",239,56,53978,37834,66.2703036146206,"he"
"grate",80,4,54137,37886,59.7784278533784,"he"
"grin",301,89,53916,37801,58.4376336066056,"he"
"add",1526,771,52691,37119,57.0358747668258,"he"
"rasp",78,7,54139,37883,46.7825983195404,"he"
"continue",368,140,53849,37750,40.8160058329648,"he"
"snarl",82,13,54135,37877,34.1922679841907,"he"
"roar",54,5,54163,37885,31.88983015266,"he"
"chuckle",113,28,54104,37862,28.9961524072897,"he"
"murmur",633,311,53584,37579,27.1042800738047,"he"
"comment",117,34,54100,37856,23.3699450627582,"he"
"shout",349,155,53868,37735,23.3398935606577,"he"
"gesture",93,24,54124,37866,22.4960822128815,"he"
"grunt",51,8,54166,37882,21.4475135121844,"he"
"boom",26,1,54191,37889,20.7846724511177,"he"
"wink",34,3,54183,37887,20.549582166759,"he"
"claim",69,16,54148,37874,19.3533927260091,"he"
"stride",35,4,54182,37886,18.4164766230228,"he"
"order",115,38,54102,37852,17.9028878351297,"he"
"bawl",23,1,54194,37889,17.8442041219118,"he"
"lean",194,84,54023,37806,14.2417002182457,"he"
"conclude",94,33,54123,37857,12.7592392652433,"he"
"go",554,302,53663,37588,12.4462479579555,"he"
"proclaim",17,1,54200,37889,12.0727560555755,"he"
"explain",394,205,53823,37685,12.146388138258,"he"
"bellow",35,7,54182,37883,11.6902387918255,"he"
"emphasise",16,1,54201,37889,11.1303294621829,"he"
"bark",46,12,54171,37878,10.9420097531831,"he"
"point",266,133,53951,37757,10.3203185597058,"he"
"sneer",37,9,54180,37881,9.73289935493817,"he"
"recall",117,49,54100,37841,9.64350241223916,"he"
"release",21,3,54196,37887,9.50490316182548,"he"
"kiss",86,33,54131,37857,9.27517955667214,"he"
"command",56,18,54161,37872,9.23069864344714,"he"
"wave",99,40,54118,37850,9.16605797369786,"he"
"tap",46,14,54171,37876,8.43976159423354,"he"
"muse",66,24,54151,37866,8.21378843504077,"he"
"regard",27,6,54190,37884,7.98619107006139,"he"
"thunder",12,1,54205,37889,7.44540578882514,"he"
"groan",60,22,54157,37868,7.30981131867516,"he"
"intone",18,3,54199,37887,7.18455442243215,"he"
"note",18,3,54199,37887,7.18455442243215,"he"
"advise",57,20,54160,37870,7.7427994479286,"he"
"stand",242,127,53975,37763,7.04702906364136,"he"
"mock",41,13,54176,37877,6.94640851975437,"he"
"indicate",66,26,54151,37864,6.59660812788205,"he"
"raise",146,71,54071,37819,6.53394715422594,"he"
"shrug",293,160,53924,37730,6.46864721738436,"he"
"slur",14,2,54203,37888,6.33613127027466,"he"
"believe",45,15,54172,37875,6.8679789500811,"he"
"reach",146,72,54071,37818,6.08450654788299,"he"
"push",113,53,54104,37837,5.99724901791084,"he"
"hold",226,121,53991,37769,5.75314203821092,"he"
"warn",119,57,54098,37833,5.73121934216975,"he"
"scratch",16,3,54201,37887,5.71505993003089,"he"
"drive",21,5,54196,37885,5.68556376898515,"he"
"coax",10,1,54207,37889,5.67421914789241,"he"
"pause",569,339,53648,37551,5.53140346533586,"he"
"bow",34,11,54183,37879,5.52795789341089,"he"
"suggest",172,89,54045,37801,5.46684442678069,"he"
"argue",40,14,54177,37876,5.46461005053985,"he"
"joke",40,14,54177,37876,5.46461005053985,"he"
"speak",162,83,54055,37807,5.46411192301399,"he"
"grasp",18,4,54199,37886,5.32355530644418,"he"
"place",38,13,54179,37877,5.4734190806362,"he"
"beam",35,12,54182,37878,5.0159419451902,"he"
"rise",65,28,54152,37862,4.85211847711488,"he"
"chant",9,1,54208,37889,4.81451849151209,"he"
"pay",9,1,54208,37889,4.81451849151209,"he"
"reason",9,1,54208,37889,4.81451849151209,"he"
"whine",9,1,54208,37889,4.81451849151209,"he"
"motion",17,4,54200,37886,4.67525966346911,"he"
"stretch",28,9,54189,37881,4.61361228672464,"he"
"state",83,39,54134,37851,4.36717087040721,"he"
"seem",135,70,54082,37820,4.23381836222698,"he"
"take",427,254,53790,37636,4.21912566148467,"he"
"allow",37,14,54180,37876,4.14566189459363,"he"
"urge",61,27,54156,37863,4.11524737352427,"he"
"describe",29,10,54188,37880,4.10143729203722,"he"
"strike",12,2,54205,37888,4.7893860345808,"he"
"vow",12,2,54205,37888,4.7893860345808,"he"
"advance",11,2,54206,37888,4.05020040444791,"he"
"cite",11,2,54206,37888,4.05020040444791,"he"
"spread",23,7,54194,37883,4.2186005405683,"he"
"swear",16,4,54201,37886,4.0494200810142,"he"
"boast",8,1,54209,37889,3.97718008261584,"he"
"chortle",8,1,54209,37889,3.97718008261584,"he"
"decline",8,1,54209,37889,3.97718008261584,"he"
"plunge",8,1,54209,37889,3.97718008261584,"he"
"record",8,1,54209,37889,3.97718008261584,"he"
"reiterate",8,1,54209,37889,3.97718008261584,"he"
"produce",18,5,54199,37885,3.87698991816168,"he"
"bend",58,26,54159,37864,3.72313101076467,"he"
"contradict",13,3,54204,37887,3.66654282408986,"he"
"dismiss",24,8,54193,37882,3.66187497894252,"he"
"pour",43,18,54174,37872,3.54598644158407,"he"
"press",50,22,54167,37868,3.45009868315028,"he"
"quote",15,4,54202,37886,3.44863547888278,"he"
"grumble",35,14,54182,37876,3.33961535832937,"he"
"thrust",35,14,54182,37876,3.33961535832937,"he"
"ring",19,6,54198,37884,3.24433583445885,"he"
"invite",27,10,54190,37880,3.20311133887128,"he"
"attack",7,1,54210,37889,3.16783025438168,"he"
"dump",7,1,54210,37889,3.16783025438168,"he"
"reject",7,1,54210,37889,3.16783025438168,"he"
"reject",7,1,54210,37889,3.16783025438168,"he"
"set",31,12,54186,37878,3.2588361193021,"he"
"show",31,12,54186,37878,3.2588361193021,"he"
"observe",88,45,54129,37845,2.99833741655558,"he"
"remark",132,72,54085,37818,2.93152889519311,"he"
"cock",14,4,54203,37886,2.87598652239603,"he"
"jab",14,4,54203,37886,2.87598652239603,"he"
"predict",14,4,54203,37886,2.87598652239603,"he"
"stress",30,12,54187,37878,2.86231911791293,"he"
"pass",26,10,54191,37880,2.78340457536024,"he"
"help",18,6,54199,37884,2.74618193397175,"he"
"assert",20,7,54197,37883,2.73154811539047,"he"
"study",37,16,54180,37874,2.72254732148408,"he"
"consult",9,2,54208,37888,2.66149168091739,"he"
"refer",9,2,54208,37888,2.66149168091739,"he"
"survey",9,2,54208,37888,2.66149168091739,"he"
"declare",138,77,54079,37813,2.56017414353565,"he"
"slam",29,12,54188,37878,2.48487277202641,"he"
"click",11,3,54206,37887,2.44072972487449,"he"
"introduce",11,3,54206,37887,2.44072972487449,"he"
"reflect",11,3,54206,37887,2.44072972487449,"he"
"sound",134,75,54083,37815,2.42186181361398,"he"
"bare",6,1,54211,37889,2.39453458294226,"he"
"express",6,1,54211,37889,2.39453458294226,"he"
"flip",6,1,54211,37889,2.39453458294226,"he"
"knock",6,1,54211,37889,2.39453458294226,"he"
"propose",6,1,54211,37889,2.39453458294226,"he"
"puff",6,1,54211,37889,2.39453458294226,"he"
"reckon",6,1,54211,37889,2.39453458294226,"he"
"undo",6,1,54211,37889,2.39453458294226,"he"
"wrap",6,1,54211,37889,2.39453458294226,"he"
"wrap",6,1,54211,37889,2.39453458294226,"he"
"grind",21,8,54196,37882,2.30893119019686,"he"
"like",21,8,54196,37882,2.30893119019686,"he"
"refuse",21,8,54196,37882,2.30893119019686,"he"
"appear",17,6,54200,37884,2.27585408994333,"he"
"cough",17,6,54200,37884,2.27585408994333,"he"
"grit",32,14,54185,37876,2.25537753212777,"he"
"come",111,62,54106,37828,2.04028066704468,"he"
"buy",8,2,54209,37888,2.02450966211333,"he"
"fish",8,2,54209,37888,2.02450966211333,"he"
"move",130,74,54087,37816,2.02375764838349,"he"
"light",22,9,54195,37881,1.95616518310404,"he"
"gather",16,6,54201,37884,1.83627248812587,"he"
"brush",14,5,54203,37885,1.82107606987312,"he"
"narrow",14,5,54203,37885,1.82107606987312,"he"
"circle",5,1,54212,37889,1.66945391442487,"he"
"crouch",5,1,54212,37889,1.66945391442487,"he"
"jibe",5,1,54212,37889,1.66945391442487,"he"
"jibe",5,1,54212,37889,1.66945391442487,"he"
"reel",5,1,54212,37889,1.66945391442487,"he"
"sketch",5,1,54212,37889,1.66945391442487,"he"
"sketch",5,1,54212,37889,1.66945391442487,"he"
"instruct",35,17,54182,37873,1.57305305005965,"he"
"cut",50,26,54167,37864,1.53845290284137,"he"
"repeat",207,126,54010,37764,1.51557388317886,"he"
"address",15,6,54202,37884,1.43084715295861,"he"
"replace",15,6,54202,37884,1.43084715295861,"he"
"maintain",13,5,54204,37885,1.39144288032926,"he"
"deride",9,3,54208,37887,1.37292277689685,"he"
"dig",9,3,54208,37887,1.37292277689685,"he"
"incline",11,4,54206,37886,1.36790739527134,"he"
"inquire",29,14,54188,37876,1.34302105323665,"he"
"quip",22,10,54195,37880,1.33427839960211,"he"
"put",269,168,53948,37722,1.32441627378464,"he"
"walk",118,70,54099,37820,1.19778482491872,"he"
"consider",25,12,54192,37878,1.19024145003203,"he"
"report",16,7,54201,37883,1.12741690457198,"he"
"slide",38,20,54179,37870,1.08235576314488,"he"
"clap",7,2,54210,37888,1.4378632925283,"he"
"interject",7,2,54210,37888,1.4378632925283,"he"
"scramble",7,2,54210,37888,1.4378632925283,"he"
"strol",7,2,54210,37888,1.4378632925283,"he"
"grimace",21,10,54196,37880,1.03822191029283,"he"
"admire",4,1,54213,37889,1.01220474419744,"he"
"admire",4,1,54213,37889,1.01220474419744,"he"
"admire",4,1,54213,37889,1.01220474419744,"he"
"congratulate",4,1,54213,37889,1.01220474419744,"he"
"deliver",4,1,54213,37889,1.01220474419744,"he"
"guide",4,1,54213,37889,1.01220474419744,"he"
"gush",4,1,54213,37889,1.01220474419744,"he"
"hum",4,1,54213,37889,1.01220474419744,"he"
"identify",4,1,54213,37889,1.01220474419744,"he"
"plan",4,1,54213,37889,1.01220474419744,"he"
"pledge",4,1,54213,37889,1.01220474419744,"he"
"snigger",4,1,54213,37889,1.01220474419744,"he"
"sober",4,1,54213,37889,1.01220474419744,"he"
"stuff",4,1,54213,37889,1.01220474419744,"he"
"tense",4,1,54213,37889,1.01220474419744,"he"
"wind",4,1,54213,37889,1.01220474419744,"he"
"kick",12,5,54205,37885,1.00465476874009,"he"
"talk",12,5,54205,37885,1.00465476874009,"he"
"encourage",10,4,54207,37886,0.953828698871194,"he"
"scowl",10,4,54207,37886,0.953828698871194,"he"
"drop",39,21,54178,37869,0.950689562404054,"he"
"rub",47,26,54170,37864,0.934162934999622,"he"
"curse",8,3,54209,37887,0.918031926223324,"he"
"name",8,3,54209,37887,0.918031926223324,"he"
"threaten",8,3,54209,37887,0.918031926223324,"he"
"threaten",8,3,54209,37887,0.918031926223324,"he"
"bluster",6,2,54211,37888,0.915244481916808,"he"
"lament",6,2,54211,37888,0.915244481916808,"he"
"recommend",6,2,54211,37888,0.915244481916808,"he"
"slant",6,2,54211,37888,0.915244481916808,"he"
"unfold",6,2,54211,37888,0.915244481916808,"he"
"unfold",6,2,54211,37888,0.915244481916808,"he"
"suck",17,8,54200,37882,0.887499342192459,"he"
"glower",10,6,54207,37884,0.0882848465906814,"he"
"use",10,6,54207,37884,0.0882848465906814,"he"
"taunt",32,17,54185,37873,0.856587532540744,"he"
"glance",246,167,53971,37723,0.0843619243311506,"he"
"pull",159,99,54058,37791,0.822770616056648,"he"
"change",15,7,54202,37883,0.812953710068554,"he"
"end",13,8,54204,37882,0.0809106295458326,"he"
"screw",9,6,54208,37884,0.00803171181944884,"he"
"stroke",30,16,54187,37874,0.781881770018813,"he"
"abandon",2,1,54215,37889,0.0772706162739481,"he"
"affirm",2,1,54215,37889,0.0772706162739481,"he"
"allege",2,1,54215,37889,0.0772706162739481,"he"
"alter",2,1,54215,37889,0.0772706162739481,"he"
"alter",2,1,54215,37889,0.0772706162739481,"he"
"articulate",2,1,54215,37889,0.0772706162739481,"he"
"assume",2,1,54215,37889,0.0772706162739481,"he"
"attend",2,1,54215,37889,0.0772706162739481,"he"
"attend",2,1,54215,37889,0.0772706162739481,"he"
"attend",2,1,54215,37889,0.0772706162739481,"he"
"attend",2,1,54215,37889,0.0772706162739481,"he"
"blanch",2,1,54215,37889,0.0772706162739481,"he"
"caress",2,1,54215,37889,0.0772706162739481,"he"
"caress",2,1,54215,37889,0.0772706162739481,"he"
"commiserate",2,1,54215,37889,0.0772706162739481,"he"
"commiserate",2,1,54215,37889,0.0772706162739481,"he"
"commiserate",2,1,54215,37889,0.0772706162739481,"he"
"commiserate",2,1,54215,37889,0.0772706162739481,"he"
"commiserate",2,1,54215,37889,0.0772706162739481,"he"
"commiserate",2,1,54215,37889,0.0772706162739481,"he"
"commiserate",2,1,54215,37889,0.0772706162739481,"he"
"commiserate",2,1,54215,37889,0.0772706162739481,"he"
"commiserate",2,1,54215,37889,0.0772706162739481,"he"
"declaim",2,1,54215,37889,0.0772706162739481,"he"
"declaim",2,1,54215,37889,0.0772706162739481,"he"
"declaim",2,1,54215,37889,0.0772706162739481,"he"
"doze",2,1,54215,37889,0.0772706162739481,"he"
"drum",2,1,54215,37889,0.0772706162739481,"he"
"drum",2,1,54215,37889,0.0772706162739481,"he"
"drum",2,1,54215,37889,0.0772706162739481,"he"
"drum",2,1,54215,37889,0.0772706162739481,"he"
"exult",2,1,54215,37889,0.0772706162739481,"he"
"exult",2,1,54215,37889,0.0772706162739481,"he"
"exult",2,1,54215,37889,0.0772706162739481,"he"
"fidget",2,1,54215,37889,0.0772706162739481,"he"
"figure",2,1,54215,37889,0.0772706162739481,"he"
"flop",2,1,54215,37889,0.0772706162739481,"he"
"fondle",2,1,54215,37889,0.0772706162739481,"he"
"fondle",2,1,54215,37889,0.0772706162739481,"he"
"fondle",2,1,54215,37889,0.0772706162739481,"he"
"glimpse",2,1,54215,37889,0.0772706162739481,"he"
"gloat",2,1,54215,37889,0.0772706162739481,"he"
"gloat",2,1,54215,37889,0.0772706162739481,"he"
"gloat",2,1,54215,37889,0.0772706162739481,"he"
"gloat",2,1,54215,37889,0.0772706162739481,"he"
"gloat",2,1,54215,37889,0.0772706162739481,"he"
"gloat",2,1,54215,37889,0.0772706162739481,"he"
"gloat",2,1,54215,37889,0.0772706162739481,"he"
"hoot",2,1,54215,37889,0.0772706162739481,"he"
"intend",2,1,54215,37889,0.0772706162739481,"he"
"interpose",2,1,54215,37889,0.0772706162739481,"he"
"mime",2,1,54215,37889,0.0772706162739481,"he"
"needle",2,1,54215,37889,0.0772706162739481,"he"
"nuzzle",2,1,54215,37889,0.0772706162739481,"he"
"oblige",2,1,54215,37889,0.0772706162739481,"he"
"quicken",2,1,54215,37889,0.0772706162739481,"he"
"quirk",2,1,54215,37889,0.0772706162739481,"he"
"quirk",2,1,54215,37889,0.0772706162739481,"he"
"rake",2,1,54215,37889,0.0772706162739481,"he"
"sneeze",2,1,54215,37889,0.0772706162739481,"he"
"sneeze",2,1,54215,37889,0.0772706162739481,"he"
"substitute",2,1,54215,37889,0.0772706162739481,"he"
"tick",2,1,54215,37889,0.0772706162739481,"he"
"tick",2,1,54215,37889,0.0772706162739481,"he"
"tick",2,1,54215,37889,0.0772706162739481,"he"
"trace",2,1,54215,37889,0.0772706162739481,"he"
"trace",2,1,54215,37889,0.0772706162739481,"he"
"twinkle",2,1,54215,37889,0.0772706162739481,"he"
"undergo",2,1,54215,37889,0.0772706162739481,"he"
"unzip",2,1,54215,37889,0.0772706162739481,"he"
"vault",2,1,54215,37889,0.0772706162739481,"he"
"vault",2,1,54215,37889,0.0772706162739481,"he"
"waddle",2,1,54215,37889,0.0772706162739481,"he"
"warble",2,1,54215,37889,0.0772706162739481,"he"
"whoop",2,1,54215,37889,0.0772706162739481,"he"
"widen",2,1,54215,37889,0.0772706162739481,"he"
"wield",2,1,54215,37889,0.0772706162739481,"he"
"wield",2,1,54215,37889,0.0772706162739481,"he"
"wield",2,1,54215,37889,0.0772706162739481,"he"
"wield",2,1,54215,37889,0.0772706162739481,"he"
"wield",2,1,54215,37889,0.0772706162739481,"he"
"acknowledge",22,14,54195,37876,0.0756061588419656,"he"
"correct",38,26,54179,37864,0.00694054218860263,"he"
"mouth",11,5,54206,37885,0.667026941862467,"he"
"need",11,5,54206,37885,0.667026941862467,"he"
"prod",11,5,54206,37885,0.667026941862467,"he"
"seize",11,5,54206,37885,0.667026941862467,"he"
"stick",11,5,54206,37885,0.667026941862467,"he"
"lick",16,8,54201,37882,0.618302580953165,"he"
"lift",96,59,54121,37831,0.610257378054829,"he"
"chew",9,4,54208,37886,0.597120986145431,"he"
"understand",9,4,54208,37886,0.597120986145431,"he"
"prompt",38,25,54179,37865,0.0552763657138338,"he"
"kneel",14,7,54203,37883,0.540997548685717,"he"
"chirp",7,3,54210,37887,0.531741946720081,"he"
"mention",7,3,54210,37887,0.531741946720081,"he"
"wheeze",7,3,54210,37887,0.531741946720081,"he"
"flick",35,20,54182,37870,0.524813129206247,"he"
"lead",63,38,54154,37852,0.520297559089815,"he"
"jerk",30,17,54187,37873,0.485818893610968,"he"
"dip",5,2,54212,37888,0.476879652994676,"he"
"discover",5,2,54212,37888,0.476879652994676,"he"
"discover",5,2,54212,37888,0.476879652994676,"he"
"enter",5,2,54212,37888,0.476879652994676,"he"
"gape",5,2,54212,37888,0.476879652994676,"he"
"howl",5,2,54212,37888,0.476879652994676,"he"
"soothe",5,2,54212,37888,0.476879652994676,"he"
"squat",5,2,54212,37888,0.476879652994676,"he"
"stalk",5,2,54212,37888,0.476879652994676,"he"
"thumb",5,2,54212,37888,0.476879652994676,"he"
"remain",13,9,54204,37881,0.000472045454992812,"he"
"listen",17,9,54200,37881,0.465670710118747,"he"
"sing",12,6,54205,37884,0.463697434415802,"he"
"hand",73,45,54144,37845,0.443068096835655,"he"
"leave",73,45,54144,37845,0.443068096835655,"he"
"admonish",5,3,54212,37887,0.0441386266836167,"he"
"empty",5,3,54212,37887,0.0441386266836167,"he"
"exhale",5,3,54212,37887,0.0441386266836167,"he"
"flap",5,3,54212,37887,0.0441386266836167,"he"
"inhale",5,3,54212,37887,0.0441386266836167,"he"
"inhale",5,3,54212,37887,0.0441386266836167,"he"
"smirk",5,3,54212,37887,0.0441386266836167,"he"
"spell",5,3,54212,37887,0.0441386266836167,"he"
"stifle",5,3,54212,37887,0.0441386266836167,"he"
"tut",5,3,54212,37887,0.0441386266836167,"he"
"check",20,11,54197,37879,0.415977133913657,"he"
"hit",8,5,54209,37885,0.0387060355496549,"he"
"hit",8,5,54209,37885,0.0387060355496549,"he"
"supply",8,5,54209,37885,0.0387060355496549,"he"
"resume",10,5,54207,37885,0.386402237638307,"he"
"stay",10,5,54207,37885,0.386402237638307,"he"
"stoop",10,5,54207,37885,0.386402237638307,"he"
"carry",14,9,54203,37881,0.0384502992349235,"he"
"leap",14,9,54203,37881,0.0384502992349235,"he"
"switch",14,9,54203,37881,0.0384502992349235,"he"
"grab",23,13,54194,37877,0.381053088021276,"he"
"announce",144,93,54073,37797,0.354641540443119,"he"
"become",18,10,54199,37880,0.345441927024159,"he"
"grip",18,10,54199,37880,0.345441927024159,"he"
"keep",58,36,54159,37854,0.315587344784166,"he"
"extend",8,4,54209,37886,0.309111957922746,"he"
"shove",8,4,54209,37886,0.309111957922746,"he"
"hope",24,14,54193,37876,0.293053321917224,"he"
"pick",110,71,54107,37819,0.274698152356387,"he"
"adopt",3,2,54214,37888,0.00267694742785916,"he"
"adopt",3,2,54214,37888,0.00267694742785916,"he"
"approve",3,2,54214,37888,0.00267694742785916,"he"
"babble",3,2,54214,37888,0.00267694742785916,"he"
"compliment",3,2,54214,37888,0.00267694742785916,"he"
"compliment",3,2,54214,37888,0.00267694742785916,"he"
"compliment",3,2,54214,37888,0.00267694742785916,"he"
"cradle",3,2,54214,37888,0.00267694742785916,"he"
"delve",3,2,54214,37888,0.00267694742785916,"he"
"fail",3,2,54214,37888,0.00267694742785916,"he"
"fail",3,2,54214,37888,0.00267694742785916,"he"
"grope",3,2,54214,37888,0.00267694742785916,"he"
"grope",3,2,54214,37888,0.00267694742785916,"he"
"hoist",3,2,54214,37888,0.00267694742785916,"he"
"launch",3,2,54214,37888,0.00267694742785916,"he"
"lurch",3,2,54214,37888,0.00267694742785916,"he"
"proceed",3,2,54214,37888,0.00267694742785916,"he"
"proffer",3,2,54214,37888,0.00267694742785916,"he"
"rant",3,2,54214,37888,0.00267694742785916,"he"
"rip",3,2,54214,37888,0.00267694742785916,"he"
"rock",3,2,54214,37888,0.00267694742785916,"he"
"rock",3,2,54214,37888,0.00267694742785916,"he"
"sign",3,2,54214,37888,0.00267694742785916,"he"
"sign",3,2,54214,37888,0.00267694742785916,"he"
"trill",3,2,54214,37888,0.00267694742785916,"he"
"trill",3,2,54214,37888,0.00267694742785916,"he"
"trill",3,2,54214,37888,0.00267694742785916,"he"
"waggle",3,2,54214,37888,0.00267694742785916,"he"
"turn",654,443,53563,37447,0.261200290224867,"he"
"jeer",11,6,54206,37884,0.243806325517956,"he"
"spend",11,6,54206,37884,0.243806325517956,"he"
"edge",6,3,54211,37887,0.231826594759357,"he"
"insert",6,3,54211,37887,0.231826594759357,"he"
"pluck",6,3,54211,37887,0.231826594759357,"he"
"punch",6,3,54211,37887,0.231826594759357,"he"
"pronounce",24,16,54193,37874,0.0214236973736697,"he"
"lower",40,25,54177,37865,0.193638743373049,"he"
"interrupt",46,29,54171,37861,0.190391127095087,"he"
"run",61,39,54156,37851,0.189842475224168,"he"
"blow",16,11,54201,37879,0.00175252932370509,"he"
"disappear",16,11,54201,37879,0.00175252932370509,"he"
"duck",9,5,54208,37885,0.172695110706278,"he"
"remove",9,5,54208,37885,0.172695110706278,"he"
"let",77,50,54140,37840,0.164704161457168,"he"
"dash",4,2,54213,37888,0.154546147700933,"he"
"elaborate",4,2,54213,37888,0.154546147700933,"he"
"extract",4,2,54213,37888,0.154546147700933,"he"
"haul",4,2,54213,37888,0.154546147700933,"he"
"lapse",4,2,54213,37888,0.154546147700933,"he"
"outline",4,2,54213,37888,0.154546147700933,"he"
"outline",4,2,54213,37888,0.154546147700933,"he"
"rattle",4,2,54213,37888,0.154546147700933,"he"
"twirl",4,2,54213,37888,0.154546147700933,"he"
"drag",12,7,54205,37883,0.146496786622552,"he"
"tell",970,674,53247,37216,0.0134320769998464,"he"
"examine",15,10,54202,37880,0.0133876359419599,"he"
"slap",15,9,54202,37881,0.132438661690139,"he"
"assure",69,45,54148,37845,0.130959307632331,"he"
"shift",24,15,54193,37875,0.116150667221542,"he"
"read",39,25,54178,37865,0.114431761141663,"he"
"play",12,8,54205,37882,0.0107095289068516,"he"
"nudge",7,4,54210,37886,0.104913146568501,"he"
"return",117,78,54100,37812,0.104616146655142,"he"
"clear",19,12,54198,37878,0.075933219687415,"he"
"hang",19,12,54198,37878,0.075933219687415,"he"
"hang",19,12,54198,37878,0.075933219687415,"he"
"see",133,92,54084,37798,0.0057347096803162,"he"
"beckon",6,4,54211,37886,0.0053541846912023,"he"
"bury",6,4,54211,37886,0.0053541846912023,"he"
"clip",6,4,54211,37886,0.0053541846912023,"he"
"clip",6,4,54211,37886,0.0053541846912023,"he"
"rummage",6,4,54211,37886,0.0053541846912023,"he"
"shuffle",6,4,54211,37886,0.0053541846912023,"he"
"shuffle",6,4,54211,37886,0.0053541846912023,"he"
"thump",6,4,54211,37886,0.0053541846912023,"he"
"translate",6,4,54211,37886,0.0053541846912023,"he"
"accompany",3,1,54214,37889,0.45760355784284,"he"
"aim",3,1,54214,37889,0.45760355784284,"he"
"arrive",3,1,54214,37889,0.45760355784284,"he"
"betray",3,1,54214,37889,0.45760355784284,"he"
"betray",3,1,54214,37889,0.45760355784284,"he"
"bluff",3,1,54214,37889,0.45760355784284,"he"
"bluff",3,1,54214,37889,0.45760355784284,"he"
"collect",3,1,54214,37889,0.45760355784284,"he"
"collect",3,1,54214,37889,0.45760355784284,"he"
"depart",3,1,54214,37889,0.45760355784284,"he"
"depart",3,1,54214,37889,0.45760355784284,"he"
"depart",3,1,54214,37889,0.45760355784284,"he"
"depart",3,1,54214,37889,0.45760355784284,"he"
"exhort",3,1,54214,37889,0.45760355784284,"he"
"expostulate",3,1,54214,37889,0.45760355784284,"he"
"hook",3,1,54214,37889,0.45760355784284,"he"
"huff",3,1,54214,37889,0.45760355784284,"he"
"huff",3,1,54214,37889,0.45760355784284,"he"
"imitate",3,1,54214,37889,0.45760355784284,"he"
"judge",3,1,54214,37889,0.45760355784284,"he"
"judge",3,1,54214,37889,0.45760355784284,"he"
"list",3,1,54214,37889,0.45760355784284,"he"
"list",3,1,54214,37889,0.45760355784284,"he"
"list",3,1,54214,37889,0.45760355784284,"he"
"prefer",3,1,54214,37889,0.45760355784284,"he"
"provide",3,1,54214,37889,0.45760355784284,"he"
"refill",3,1,54214,37889,0.45760355784284,"he"
"refill",3,1,54214,37889,0.45760355784284,"he"
"scribble",3,1,54214,37889,0.45760355784284,"he"
"seat",3,1,54214,37889,0.45760355784284,"he"
"seat",3,1,54214,37889,0.45760355784284,"he"
"seat",3,1,54214,37889,0.45760355784284,"he"
"slow",3,1,54214,37889,0.45760355784284,"he"
"splash",3,1,54214,37889,0.45760355784284,"he"
"stub",3,1,54214,37889,0.45760355784284,"he"
"suffer",3,1,54214,37889,0.45760355784284,"he"
"suffer",3,1,54214,37889,0.45760355784284,"he"
"swig",3,1,54214,37889,0.45760355784284,"he"
"teach",3,1,54214,37889,0.45760355784284,"he"
"tighten",3,1,54214,37889,0.45760355784284,"he"
"welcome",3,1,54214,37889,0.45760355784284,"he"
"appeal",22,13,54195,37877,0.23321432393397,"he"
"inform",78,50,54139,37840,0.22902191125703,"he"
"mean",40,22,54177,37868,0.8322299361345,"he"
"get",120,81,54097,37809,0.05860224539768,"he"
