"Word","Electric","Electrical","c","d","GStat","Association"
"engineering",0,108,2832,1921,192.155410246783,"electrical"
"engineer",0,89,2832,1940,157.841521334624,"electrical"
"equipment",6,106,2826,1923,147.963093203514,"electrical"
"goods",1,88,2831,1941,146.119804989242,"electrical"
"activity",1,85,2831,1944,140.794153692421,"electrical"
"appliance",3,69,2829,1960,100.175734209633,"electrical"
"conductivity",0,35,2832,1994,61.5137128862365,"electrical"
"fault",0,34,2832,1995,59.7462565189791,"electrical"
"signal",8,53,2824,1976,54.5024482307519,"electrical"
"stimulation",0,26,2832,2003,45.6277447889228,"electrical"
"union",0,26,2832,2003,45.6277447889228,"electrical"
"energy",2,33,2830,1996,44.7814924535317,"electrical"
"impulse",2,32,2830,1997,43.1354879493866,"electrical"
"retailer",0,21,2832,2008,36.8226961228705,"electrical"
"property",0,20,2832,2009,35.0634364130477,"electrical"
"work",0,19,2832,2010,33.3047590856413,"electrical"
"control",1,23,2831,2006,33.1002973183347,"electrical"
"system",6,31,2826,1998,28.0594333955953,"electrical"
"circuit",10,37,2822,1992,27.063158652186,"electrical"
"recording",1,19,2831,2010,26.4369853256406,"electrical"
"breakdown",0,13,2832,2016,22.7649022261573,"electrical"
"store",0,13,2832,2016,22.7649022261573,"electrical"
"apparatus",0,11,2832,2018,19.2562571340373,"electrical"
"component",0,11,2832,2018,19.2562571340373,"electrical"
"connection",0,11,2832,2018,19.2562571340373,"electrical"
"insulation",0,11,2832,2018,19.2562571340373,"electrical"
"installation",1,14,2831,2015,18.2470934320087,"electrical"
"contractor",0,10,2832,2019,17.5028028549095,"electrical"
"machinery",0,10,2832,2019,17.5028028549095,"electrical"
"problem",0,10,2832,2019,17.5028028549095,"electrical"
"product",0,10,2832,2019,17.5028028549095,"electrical"
"repair",0,10,2832,2019,17.5028028549095,"electrical"
"potential",4,19,2828,2010,16.344165761027,"electrical"
"contact",0,9,2832,2020,15.749926879092,"electrical"
"retailing",0,9,2832,2020,15.749926879092,"electrical"
"resistance",1,12,2831,2017,15.0350919744889,"electrical"
"market",0,8,2832,2021,13.9976288011696,"electrical"
"part",0,8,2832,2021,13.9976288011696,"electrical"
"time",0,8,2832,2021,13.9976288011696,"electrical"
"discharge",5,18,2827,2011,12.8308730988461,"electrical"
"shop",5,18,2827,2011,12.8308730988461,"electrical"
"interference",0,7,2832,2022,12.2459082161719,"electrical"
"job",0,7,2832,2022,12.2459082161719,"electrical"
"output",0,7,2832,2022,12.2459082161719,"electrical"
"machine",3,13,2829,2016,10.5492408482757,"electrical"
"conductor",0,6,2832,2023,10.4947647195811,"electrical"
"phenomenon",0,6,2832,2023,10.4947647195811,"electrical"
"review",0,6,2832,2023,10.4947647195811,"electrical"
"trade",0,6,2832,2023,10.4947647195811,"electrical"
"response",2,11,2830,2018,10.2464285866428,"electrical"
"device",3,12,2829,2017,9.2262760031279,"electrical"
"fitting",1,8,2831,2021,8.79602594182967,"electrical"
"firm",0,5,2832,2024,8.74419790732585,"electrical"
"item",0,5,2832,2024,8.74419790732585,"electrical"
"load",0,5,2832,2024,8.74419790732585,"electrical"
"method",0,5,2832,2024,8.74419790732585,"electrical"
"noise",0,5,2832,2024,8.74419790732585,"electrical"
"wiring",9,18,2823,2011,6.84471652053509,"electrical"
"accessory",0,4,2832,2025,6.9942073757876,"electrical"
"conspiracy",0,4,2832,2025,6.9942073757876,"electrical"
"department",0,4,2832,2025,6.9942073757876,"electrical"
"giant",0,4,2832,2025,6.9942073757876,"electrical"
"hazard",0,4,2832,2025,6.9942073757876,"electrical"
"project",0,4,2832,2025,6.9942073757876,"electrical"
"supplier",0,4,2832,2025,6.9942073757876,"electrical"
"technician",0,4,2832,2025,6.9942073757876,"electrical"
"force",6,13,2826,2016,5.52230686113237,"electrical"
"attraction",0,3,2832,2026,5.24479272178891,"electrical"
"axis",0,3,2832,2026,5.24479272178891,"electrical"
"behaviour",0,3,2832,2026,5.24479272178891,"electrical"
"building",0,3,2832,2026,5.24479272178891,"electrical"
"business",0,3,2832,2026,5.24479272178891,"electrical"
"conduit",0,3,2832,2026,5.24479272178891,"electrical"
"connector",0,3,2832,2026,5.24479272178891,"electrical"
"disruption",0,3,2832,2026,5.24479272178891,"electrical"
"division",0,3,2832,2026,5.24479272178891,"electrical"
"event",0,3,2832,2026,5.24479272178891,"electrical"
"experiment",0,3,2832,2026,5.24479272178891,"electrical"
"frequency",0,3,2832,2026,5.24479272178891,"electrical"
"information",0,3,2832,2026,5.24479272178891,"electrical"
"knowledge",0,3,2832,2026,5.24479272178891,"electrical"
"neutrality",0,3,2832,2026,5.24479272178891,"electrical"
"officer",0,3,2832,2026,5.24479272178891,"electrical"
"parameter",0,3,2832,2026,5.24479272178891,"electrical"
"plant",0,3,2832,2026,5.24479272178891,"electrical"
"resistivity",0,3,2832,2026,5.24479272178891,"electrical"
"sector",0,3,2832,2026,5.24479272178891,"electrical"
"testing",0,3,2832,2026,5.24479272178891,"electrical"
"transmission",0,3,2832,2026,5.24479272178891,"electrical"
"wholesaler",0,3,2832,2026,5.24479272178891,"electrical"
"network",1,5,2831,2024,4.41607436075121,"electrical"
"repulsion",1,5,2831,2024,4.41607436075121,"electrical"
"thing",1,5,2831,2024,4.41607436075121,"electrical"
"storm",6,11,2826,2018,3.64305452586888,"electrical"
"balance",0,2,2832,2027,3.49595354260559,"electrical"
"branch",0,2,2832,2027,3.49595354260559,"electrical"
"burn",0,2,2832,2027,3.49595354260559,"electrical"
"cabinet",0,2,2832,2027,3.49595354260559,"electrical"
"chain",0,2,2832,2027,3.49595354260559,"electrical"
"characteristic",0,2,2832,2027,3.49595354260559,"electrical"
"condensor",0,2,2832,2027,3.49595354260559,"electrical"
"conductance",0,2,2832,2027,3.49595354260559,"electrical"
"conduction",0,2,2832,2027,3.49595354260559,"electrical"
"consumer",0,2,2832,2027,3.49595354260559,"electrical"
"death",0,2,2832,2027,3.49595354260559,"electrical"
"defect",0,2,2832,2027,3.49595354260559,"electrical"
"desk",0,2,2832,2027,3.49595354260559,"electrical"
"diagram",0,2,2832,2027,3.49595354260559,"electrical"
"disturbance",0,2,2832,2027,3.49595354260559,"electrical"
"earth",0,2,2832,2027,3.49595354260559,"electrical"
"efficiency",0,2,2832,2027,3.49595354260559,"electrical"
"enclosure",0,2,2832,2027,3.49595354260559,"electrical"
"failure",0,2,2832,2027,3.49595354260559,"electrical"
"filter",0,2,2832,2027,3.49595354260559,"electrical"
"input",0,2,2832,2027,3.49595354260559,"electrical"
"instability",0,2,2832,2027,3.49595354260559,"electrical"
"insulator",0,2,2832,2027,3.49595354260559,"electrical"
"isolation",0,2,2832,2027,3.49595354260559,"electrical"
"know-how",0,2,2832,2027,3.49595354260559,"electrical"
"manufacturing",0,2,2832,2027,3.49595354260559,"electrical"
"means",0,2,2832,2027,3.49595354260559,"electrical"
"mechanism",0,2,2832,2027,3.49595354260559,"electrical"
"nerve",0,2,2832,2027,3.49595354260559,"electrical"
"place",0,2,2832,2027,3.49595354260559,"electrical"
"regulation",0,2,2832,2027,3.49595354260559,"electrical"
"safety",0,2,2832,2027,3.49595354260559,"electrical"
"science",0,2,2832,2027,3.49595354260559,"electrical"
"sub-station",0,2,2832,2027,3.49595354260559,"electrical"
"substation",0,2,2832,2027,3.49595354260559,"electrical"
"supervisor",0,2,2832,2027,3.49595354260559,"electrical"
"surge",0,2,2832,2027,3.49595354260559,"electrical"
"tool",0,2,2832,2027,3.49595354260559,"electrical"
"tracing",0,2,2832,2027,3.49595354260559,"electrical"
"voltage",0,2,2832,2027,3.49595354260559,"electrical"
"wave",0,2,2832,2027,3.49595354260559,"electrical"
"distribution",1,4,2831,2025,3.06920596184332,"electrical"
"test",1,4,2831,2025,3.06920596184332,"electrical"
"worker",1,4,2831,2025,3.06920596184332,"electrical"
"generator",4,7,2828,2022,2.13822386513393,"electrical"
"wire",7,10,2825,2019,2.01002747265518,"electrical"
"gear",1,3,2831,2026,1.82554616309592,"electrical"
"rhythm",2,4,2830,2025,1.51437760166917,"electrical"
"access",0,1,2832,2028,1.7476894359539,"electrical"
"accident",0,1,2832,2028,1.7476894359539,"electrical"
"aid",0,1,2832,2028,1.7476894359539,"electrical"
"apprenticeship",0,1,2832,2028,1.7476894359539,"electrical"
"arrangement",0,1,2832,2028,1.7476894359539,"electrical"
"assembly",0,1,2832,2028,1.7476894359539,"electrical"
"association",0,1,2832,2028,1.7476894359539,"electrical"
"authority",0,1,2832,2028,1.7476894359539,"electrical"
"barrier",0,1,2832,2028,1.7476894359539,"electrical"
"baseline",0,1,2832,2028,1.7476894359539,"electrical"
"bee",0,1,2832,2028,1.7476894359539,"electrical"
"benefit",0,1,2832,2028,1.7476894359539,"electrical"
"bias",0,1,2832,2028,1.7476894359539,"electrical"
"bit",0,1,2832,2028,1.7476894359539,"electrical"
"body",0,1,2832,2028,1.7476894359539,"electrical"
"bond",0,1,2832,2028,1.7476894359539,"electrical"
"bonding",0,1,2832,2028,1.7476894359539,"electrical"
"brain",0,1,2832,2028,1.7476894359539,"electrical"
"bull",0,1,2832,2028,1.7476894359539,"electrical"
"burst",0,1,2832,2028,1.7476894359539,"electrical"
"can-opener",0,1,2832,2028,1.7476894359539,"electrical"
"capability",0,1,2832,2028,1.7476894359539,"electrical"
"capacitor",0,1,2832,2028,1.7476894359539,"electrical"
"chatter",0,1,2832,2028,1.7476894359539,"electrical"
"check",0,1,2832,2028,1.7476894359539,"electrical"
"child",0,1,2832,2028,1.7476894359539,"electrical"
"circuitry",0,1,2832,2028,1.7476894359539,"electrical"
"communication",0,1,2832,2028,1.7476894359539,"electrical"
"compound",0,1,2832,2028,1.7476894359539,"electrical"
"concern",0,1,2832,2028,1.7476894359539,"electrical"
"consequence",0,1,2832,2028,1.7476894359539,"electrical"
"consumption",0,1,2832,2028,1.7476894359539,"electrical"
"contract",0,1,2832,2028,1.7476894359539,"electrical"
"copy",0,1,2832,2028,1.7476894359539,"electrical"
"coupling",0,1,2832,2028,1.7476894359539,"electrical"
"crackle",0,1,2832,2028,1.7476894359539,"electrical"
"craftman",0,1,2832,2028,1.7476894359539,"electrical"
"damage",0,1,2832,2028,1.7476894359539,"electrical"
"deficiency",0,1,2832,2028,1.7476894359539,"electrical"
"disaster",0,1,2832,2028,1.7476894359539,"electrical"
"disease",0,1,2832,2028,1.7476894359539,"electrical"
"disk",0,1,2832,2028,1.7476894359539,"electrical"
"disruptor",0,1,2832,2028,1.7476894359539,"electrical"
"earthing",0,1,2832,2028,1.7476894359539,"electrical"
"emission",0,1,2832,2028,1.7476894359539,"electrical"
"end",0,1,2832,2028,1.7476894359539,"electrical"
"enthusiast",0,1,2832,2028,1.7476894359539,"electrical"
"environment",0,1,2832,2028,1.7476894359539,"electrical"
"equation",0,1,2832,2028,1.7476894359539,"electrical"
"equipoment",0,1,2832,2028,1.7476894359539,"electrical"
"examination",0,1,2832,2028,1.7476894359539,"electrical"
"excitability",0,1,2832,2028,1.7476894359539,"electrical"
"expansion",0,1,2832,2028,1.7476894359539,"electrical"
"extension",0,1,2832,2028,1.7476894359539,"electrical"
"fact",0,1,2832,2028,1.7476894359539,"electrical"
"feed",0,1,2832,2028,1.7476894359539,"electrical"
"flap",0,1,2832,2028,1.7476894359539,"electrical"
"form",0,1,2832,2028,1.7476894359539,"electrical"
"function",0,1,2832,2028,1.7476894359539,"electrical"
"fuse",0,1,2832,2028,1.7476894359539,"electrical"
"gas",0,1,2832,2028,1.7476894359539,"electrical"
"generation",0,1,2832,2028,1.7476894359539,"electrical"
"goody",0,1,2832,2028,1.7476894359539,"electrical"
"handbook",0,1,2832,2028,1.7476894359539,"electrical"
"haul",0,1,2832,2028,1.7476894359539,"electrical"
"headquarters",0,1,2832,2028,1.7476894359539,"electrical"
"household",0,1,2832,2028,1.7476894359539,"electrical"
"hurdle",0,1,2832,2028,1.7476894359539,"electrical"
"imbalance",0,1,2832,2028,1.7476894359539,"electrical"
"implant",0,1,2832,2028,1.7476894359539,"electrical"
"improvement",0,1,2832,2028,1.7476894359539,"electrical"
"initiation",0,1,2832,2028,1.7476894359539,"electrical"
"interaction",0,1,2832,2028,1.7476894359539,"electrical"
"interruption",0,1,2832,2028,1.7476894359539,"electrical"
"investigation",0,1,2832,2028,1.7476894359539,"electrical"
"jiggery-pokery",0,1,2832,2028,1.7476894359539,"electrical"
"lay-out",0,1,2832,2028,1.7476894359539,"electrical"
"living",0,1,2832,2028,1.7476894359539,"electrical"
"loop",0,1,2832,2028,1.7476894359539,"electrical"
"manifestation",0,1,2832,2028,1.7476894359539,"electrical"
"manufacture",0,1,2832,2028,1.7476894359539,"electrical"
"measurement",0,1,2832,2028,1.7476894359539,"electrical"
"mechanic",0,1,2832,2028,1.7476894359539,"electrical"
"messianism",0,1,2832,2028,1.7476894359539,"electrical"
"offshoot",0,1,2832,2028,1.7476894359539,"electrical"
"pacemaker",0,1,2832,2028,1.7476894359539,"electrical"
"panel",0,1,2832,2028,1.7476894359539,"electrical"
"parade",0,1,2832,2028,1.7476894359539,"electrical"
"parcel",0,1,2832,2028,1.7476894359539,"electrical"
"phase",0,1,2832,2028,1.7476894359539,"electrical"
"physics",0,1,2832,2028,1.7476894359539,"electrical"
"picture",0,1,2832,2028,1.7476894359539,"electrical"
"process",0,1,2832,2028,1.7476894359539,"electrical"
"progress",0,1,2832,2028,1.7476894359539,"electrical"
"protection",0,1,2832,2028,1.7476894359539,"electrical"
"quality",0,1,2832,2028,1.7476894359539,"electrical"
"radar",0,1,2832,2028,1.7476894359539,"electrical"
"raid",0,1,2832,2028,1.7476894359539,"electrical"
"reaction",0,1,2832,2028,1.7476894359539,"electrical"
"recorder",0,1,2832,2028,1.7476894359539,"electrical"
"register",0,1,2832,2028,1.7476894359539,"electrical"
"reliability",0,1,2832,2028,1.7476894359539,"electrical"
"rental",0,1,2832,2028,1.7476894359539,"electrical"
"repeater",0,1,2832,2028,1.7476894359539,"electrical"
"replay",0,1,2832,2028,1.7476894359539,"electrical"
"requirement",0,1,2832,2028,1.7476894359539,"electrical"
"research",0,1,2832,2028,1.7476894359539,"electrical"
"resistor",0,1,2832,2028,1.7476894359539,"electrical"
"retail",0,1,2832,2028,1.7476894359539,"electrical"
"revolution",0,1,2832,2028,1.7476894359539,"electrical"
"scintillation",0,1,2832,2028,1.7476894359539,"electrical"
"sensitivity",0,1,2832,2028,1.7476894359539,"electrical"
"servo",0,1,2832,2028,1.7476894359539,"electrical"
"shoak",0,1,2832,2028,1.7476894359539,"electrical"
"situation",0,1,2832,2028,1.7476894359539,"electrical"
"sleeving",0,1,2832,2028,1.7476894359539,"electrical"
"solder",0,1,2832,2028,1.7476894359539,"electrical"
"spare",0,1,2832,2028,1.7476894359539,"electrical"
"standard",0,1,2832,2028,1.7476894359539,"electrical"
"state",0,1,2832,2028,1.7476894359539,"electrical"
"step",0,1,2832,2028,1.7476894359539,"electrical"
"stimulus",0,1,2832,2028,1.7476894359539,"electrical"
"stockist",0,1,2832,2028,1.7476894359539,"electrical"
"study",0,1,2832,2028,1.7476894359539,"electrical"
"subcontractor",0,1,2832,2028,1.7476894359539,"electrical"
"superintendent",0,1,2832,2028,1.7476894359539,"electrical"
"support",0,1,2832,2028,1.7476894359539,"electrical"
"tape",0,1,2832,2028,1.7476894359539,"electrical"
"technology",0,1,2832,2028,1.7476894359539,"electrical"
"television",0,1,2832,2028,1.7476894359539,"electrical"
"tester",0,1,2832,2028,1.7476894359539,"electrical"
"theory",0,1,2832,2028,1.7476894359539,"electrical"
"tie-wrap",0,1,2832,2028,1.7476894359539,"electrical"
"timing",0,1,2832,2028,1.7476894359539,"electrical"
"tingle",0,1,2832,2028,1.7476894359539,"electrical"
"trace",0,1,2832,2028,1.7476894359539,"electrical"
"transient",0,1,2832,2028,1.7476894359539,"electrical"
"undertaking",0,1,2832,2028,1.7476894359539,"electrical"
"use",0,1,2832,2028,1.7476894359539,"electrical"
"warehouse",0,1,2832,2028,1.7476894359539,"electrical"
"waveform",0,1,2832,2028,1.7476894359539,"electrical"
"web",0,1,2832,2028,1.7476894359539,"electrical"
"whizz",0,1,2832,2028,1.7476894359539,"electrical"
"wholesaling",0,1,2832,2028,1.7476894359539,"electrical"
"battery",1,2,2831,2027,0.756714823151559,"electrical"
"block",1,2,2831,2027,0.756714823151559,"electrical"
"development",1,2,2831,2027,0.756714823151559,"electrical"
"gardening",1,2,2831,2027,0.756714823151559,"electrical"
"manufacturer",1,2,2831,2027,0.756714823151559,"electrical"
"outlet",1,2,2831,2027,0.756714823151559,"electrical"
"staff",1,2,2831,2027,0.756714823151559,"electrical"
"group",2,3,2830,2026,0.673839935553494,"electrical"
"pattern",2,3,2830,2026,0.673839935553494,"electrical"
"side",2,3,2830,2026,0.673839935553494,"electrical"
"point",3,4,2829,2025,0.671446346728613,"electrical"
"supply",18,17,2814,2012,0.668378077932548,"electrical"
"service",6,5,2826,2024,0.0620814828942978,"electrical"
"cell",1,1,2831,2028,0.0553586113591268,"electrical"
"nature",1,1,2831,2028,0.0553586113591268,"electrical"
"pole",1,1,2831,2028,0.0553586113591268,"electrical"
"relay",1,1,2831,2028,0.0553586113591268,"electrical"
"stock",1,1,2831,2028,0.0553586113591268,"electrical"
"thought",1,1,2831,2028,0.0553586113591268,"electrical"
"treatment",1,1,2831,2028,0.0553586113591268,"electrical"
"welding",1,1,2831,2028,0.0553586113591268,"electrical"
"gadget",5,5,2827,2024,0.277255920721215,"electrical"
"transformer",3,3,2829,2026,0.166214576704387,"electrical"
"change",2,2,2830,2027,0.110763450860232,"electrical"
"effect",2,2,2830,2027,0.110763450860232,"electrical"
"operation",2,2,2830,2027,0.110763450860232,"electrical"
"pulse",10,8,2822,2021,0.054022326341008,"electrical"
"shock",140,2,2692,2027,136.596184292028,"electric"
"light",122,2,2710,2027,116.986764698069,"electric"
"field",191,23,2641,2006,104.414114083124,"electric"
"guitar",81,0,2751,2029,88.5041462972421,"electric"
"fire",109,7,2723,2022,78.6162595911962,"electric"
"car",59,2,2773,2027,50.1120604925271,"electric"
"motor",63,3,2769,2026,49.4235514184813,"electric"
"blanket",46,1,2786,2028,42.0683900773617,"electric"
"window",38,0,2794,2029,41.2741838432036,"electric"
"kettle",37,0,2795,2029,40.1824906243125,"electric"
"cooker",34,0,2798,2029,36.9092161067169,"electric"
"drill",39,1,2793,2028,34.7452072463329,"electric"
"train",32,0,2800,2029,34.7285356794156,"electric"
"co",27,0,2805,2029,29.2820837744337,"electric"
"vehicle",24,0,2808,2029,26.01780530035,"electric"
"fan",21,0,2811,2029,22.7562157687947,"electric"
"lighting",21,0,2811,2029,22.7562157687947,"electric"
"fence",20,0,2812,2029,21.6696160169524,"electric"
"tramway",20,0,2812,2029,21.6696160169524,"electric"
"traction",19,0,2813,2029,20.5833143648945,"electric"
"heater",25,1,2807,2028,20.365746277383,"electric"
"corp",18,0,2814,2029,19.4973106451057,"electric"
"fish",18,0,2814,2029,19.4973106451057,"electric"
"tram",17,0,2815,2029,18.4116046902128,"electric"
"cable",33,4,2799,2025,17.4103440247039,"electric"
"blue",16,0,2816,2029,17.3261963329905,"electric"
"chair",16,0,2816,2029,17.3261963329905,"electric"
"typewriter",16,0,2816,2029,17.3261963329905,"electric"
"shaver",15,0,2817,2029,16.2410854063548,"electric"
"sheep",15,0,2817,2029,16.2410854063548,"electric"
"telegraph",15,0,2817,2029,16.2410854063548,"electric"
"locomotive",14,0,2818,2029,15.1562717433677,"electric"
"shower",14,0,2818,2029,15.1562717433677,"electric"
"wheelchair",14,0,2818,2029,15.1562717433677,"electric"
"bill",19,1,2813,2028,14.3825606205671,"electric"
"lamp",13,0,2819,2029,14.0717551772333,"electric"
"razor",13,0,2819,2029,14.0717551772333,"electric"
"pump",18,1,2814,2028,13.40228176301,"electric"
"sunroof",12,0,2820,2029,12.9875355413014,"electric"
"current",83,29,2749,2000,12.517507763114,"electric"
"eel",11,0,2821,2029,11.9036126690621,"electric"
"iron",11,0,2821,2029,11.9036126690621,"electric"
"keyboard",11,0,2821,2029,11.9036126690621,"electric"
"railway",16,1,2816,2028,11.4608766378099,"electric"
"bass",10,0,2822,2029,10.8199863941517,"electric"
"fencing",10,0,2822,2029,10.8199863941517,"electric"
"front",9,0,2823,2029,9.73665655034856,"electric"
"storage",9,0,2823,2029,9.73665655034856,"electric"
"version",9,0,2823,2029,9.73665655034856,"electric"
"model",8,0,2824,2029,8.65362297157435,"electric"
"toaster",8,0,2824,2029,8.65362297157435,"electric"
"water",8,0,2824,2029,8.65362297157435,"electric"
"whisk",8,0,2824,2029,8.65362297157435,"electric"
"bulb",7,0,2825,2029,7.57088549189259,"electric"
"carving",7,0,2825,2029,7.57088549189259,"electric"
"class",7,0,2825,2029,7.57088549189259,"electric"
"immersion",7,0,2825,2029,7.57088549189259,"electric"
"media",7,0,2825,2029,7.57088549189259,"electric"
"mixer",7,0,2825,2029,7.57088549189259,"electric"
"piano",7,0,2825,2029,7.57088549189259,"electric"
"ballroom",6,0,2826,2029,6.48844394550994,"electric"
"boat",6,0,2826,2029,6.48844394550994,"electric"
"catfish",6,0,2826,2029,6.48844394550994,"electric"
"dipole",6,0,2826,2029,6.48844394550994,"electric"
"dream",6,0,2826,2029,6.48844394550994,"electric"
"house",6,0,2826,2029,6.48844394550994,"electric"
"oven",6,0,2826,2029,6.48844394550994,"electric"
"ray",6,0,2826,2029,6.48844394550994,"electric"
"sign",6,0,2826,2029,6.48844394550994,"electric"
"stove",6,0,2826,2029,6.48844394550994,"electric"
"street",6,0,2826,2029,6.48844394550994,"electric"
"torch",6,0,2826,2029,6.48844394550994,"electric"
"organ",10,1,2822,2028,5.86156264668808,"electric"
"ring",10,1,2822,2028,5.86156264668808,"electric"
"toothbrush",10,1,2822,2028,5.86156264668808,"electric"
"arc",5,0,2827,2029,5.40629816677491,"electric"
"atmosphere",5,0,2827,2029,5.40629816677491,"electric"
"circus",5,0,2827,2029,5.40629816677491,"electric"
"door",5,0,2827,2029,5.40629816677491,"electric"
"line",5,0,2827,2029,5.40629816677491,"electric"
"sensor",5,0,2827,2029,5.40629816677491,"electric"
"stick",5,0,2827,2029,5.40629816677491,"electric"
"utility",5,0,2827,2029,5.40629816677491,"electric"
"heating",9,1,2823,2028,4.97897976286885,"electric"
"meter",9,1,2823,2028,4.97897976286885,"electric"
"air",4,0,2828,2029,4.32444799018121,"electric"
"bar",4,0,2828,2029,4.32444799018121,"electric"
"beater",4,0,2828,2029,4.32444799018121,"electric"
"bell",4,0,2828,2029,4.32444799018121,"electric"
"boiler",4,0,2828,2029,4.32444799018121,"electric"
"guitarist",4,0,2828,2029,4.32444799018121,"electric"
"hand",4,0,2828,2029,4.32444799018121,"electric"
"moon",4,0,2828,2029,4.32444799018121,"electric"
"plc",4,0,2828,2029,4.32444799018121,"electric"
"quantum",4,0,2828,2029,4.32444799018121,"electric"
"station",4,0,2828,2029,4.32444799018121,"electric"
"tramcar",4,0,2828,2029,4.32444799018121,"electric"
"clock",8,1,2824,2028,4.11904012790638,"electric"
"bus",7,1,2825,2028,3.28736990951519,"electric"
"spark",7,1,2825,2028,3.28736990951519,"electric"
"company",23,8,2809,2021,3.4485840507555,"electric"
"aerial",3,0,2829,2029,3.2428932503592,"electric"
"bite",3,0,2829,2029,3.2428932503592,"electric"
"blender",3,0,2829,2029,3.2428932503592,"electric"
"convector",3,0,2829,2029,3.2428932503592,"electric"
"engine",3,0,2829,2029,3.2428932503592,"electric"
"eye",3,0,2829,2029,3.2428932503592,"electric"
"flux",3,0,2829,2029,3.2428932503592,"electric"
"furnace",3,0,2829,2029,3.2428932503592,"electric"
"glare",3,0,2829,2029,3.2428932503592,"electric"
"hedge",3,0,2829,2029,3.2428932503592,"electric"
"hob",3,0,2829,2029,3.2428932503592,"electric"
"lightning",3,0,2829,2029,3.2428932503592,"electric"
"loco",3,0,2829,2029,3.2428932503592,"electric"
"mosquito",3,0,2829,2029,3.2428932503592,"electric"
"outboard",3,0,2829,2029,3.2428932503592,"electric"
"passenger",3,0,2829,2029,3.2428932503592,"electric"
"prod",3,0,2829,2029,3.2428932503592,"electric"
"saw",3,0,2829,2029,3.2428932503592,"electric"
"shear",3,0,2829,2029,3.2428932503592,"electric"
"stun",3,0,2829,2029,3.2428932503592,"electric"
"theatre",3,0,2829,2029,3.2428932503592,"electric"
"multiple",6,1,2826,2028,2.49203451851549,"electric"
"12-string",2,0,2830,2029,2.16163378208754,"electric"
"aero",2,0,2830,2029,2.16163378208754,"electric"
"age",2,0,2830,2029,2.16163378208754,"electric"
"barbecue",2,0,2830,2029,2.16163378208754,"electric"
"baton",2,0,2830,2029,2.16163378208754,"electric"
"blower",2,0,2830,2029,2.16163378208754,"electric"
"brae",2,0,2830,2029,2.16163378208754,"electric"
"brake",2,0,2830,2029,2.16163378208754,"electric"
"burner",2,0,2830,2029,2.16163378208754,"electric"
"cement",2,0,2830,2029,2.16163378208754,"electric"
"cinema",2,0,2830,2029,2.16163378208754,"electric"
"co.",2,0,2830,2029,2.16163378208754,"electric"
"coffee",2,0,2830,2029,2.16163378208754,"electric"
"commission",2,0,2830,2029,2.16163378208754,"electric"
"cord",2,0,2830,2029,2.16163378208754,"electric"
"drive",2,0,2830,2029,2.16163378208754,"electric"
"ecology",2,0,2830,2029,2.16163378208754,"electric"
"fleet",2,0,2830,2029,2.16163378208754,"electric"
"floor",2,0,2830,2029,2.16163378208754,"electric"
"food",2,0,2830,2029,2.16163378208754,"electric"
"fuel",2,0,2830,2029,2.16163378208754,"electric"
"gate",2,0,2830,2029,2.16163378208754,"electric"
"golfball",2,0,2830,2029,2.16163378208754,"electric"
"haulage",2,0,2830,2029,2.16163378208754,"electric"
"hood",2,0,2830,2029,2.16163378208754,"electric"
"hook",2,0,2830,2029,2.16163378208754,"electric"
"hotplate",2,0,2830,2029,2.16163378208754,"electric"
"ignition",2,0,2830,2029,2.16163378208754,"electric"
"knife",2,0,2830,2029,2.16163378208754,"electric"
"ladyland",2,0,2830,2029,2.16163378208754,"electric"
"lawn",2,0,2830,2029,2.16163378208754,"electric"
"lift",2,0,2830,2029,2.16163378208754,"electric"
"lightbulb",2,0,2830,2029,2.16163378208754,"electric"
"lute",2,0,2830,2029,2.16163378208754,"electric"
"mower",2,0,2830,2029,2.16163378208754,"electric"
"netting",2,0,2830,2029,2.16163378208754,"electric"
"night",2,0,2830,2029,2.16163378208754,"electric"
"no.",2,0,2830,2029,2.16163378208754,"electric"
"pencil",2,0,2830,2029,2.16163378208754,"electric"
"promise",2,0,2830,2029,2.16163378208754,"electric"
"propagator",2,0,2830,2029,2.16163378208754,"electric"
"propulsion",2,0,2830,2029,2.16163378208754,"electric"
"rail",2,0,2830,2029,2.16163378208754,"electric"
"route",2,0,2830,2029,2.16163378208754,"electric"
"rubbish",2,0,2830,2029,2.16163378208754,"electric"
"running",2,0,2830,2029,2.16163378208754,"electric"
"scheme",2,0,2830,2029,2.16163378208754,"electric"
"seat",2,0,2830,2029,2.16163378208754,"electric"
"shave",2,0,2830,2029,2.16163378208754,"electric"
"sound",2,0,2830,2029,2.16163378208754,"electric"
"source",2,0,2830,2029,2.16163378208754,"electric"
"spasm",2,0,2830,2029,2.16163378208754,"electric"
"spokesman",2,0,2830,2029,2.16163378208754,"electric"
"sport",2,0,2830,2029,2.16163378208754,"electric"
"start",2,0,2830,2029,2.16163378208754,"electric"
"subsidiary",2,0,2830,2029,2.16163378208754,"electric"
"tenor",2,0,2830,2029,2.16163378208754,"electric"
"track",2,0,2830,2029,2.16163378208754,"electric"
"violin",2,0,2830,2029,2.16163378208754,"electric"
"voice",2,0,2830,2029,2.16163378208754,"electric"
"warrior",2,0,2830,2029,2.16163378208754,"electric"
"water-heater",2,0,2830,2029,2.16163378208754,"electric"
"winger",2,0,2830,2029,2.16163378208754,"electric"
"wok",2,0,2830,2029,2.16163378208754,"electric"
"works",2,0,2830,2029,2.16163378208754,"electric"
"$335m",1,0,2831,2029,1.08066942028117,"electric"
"J–85",1,0,2831,2029,1.08066942028117,"electric"
"accumulator",1,0,2831,2029,1.08066942028117,"electric"
"advertising",1,0,2831,2029,1.08066942028117,"electric"
"alarm",1,0,2831,2029,1.08066942028117,"electric"
"amplification",1,0,2831,2029,1.08066942028117,"electric"
"anchor",1,0,2831,2029,1.08066942028117,"electric"
"android",1,0,2831,2029,1.08066942028117,"electric"
"animal",1,0,2831,2029,1.08066942028117,"electric"
"arm",1,0,2831,2029,1.08066942028117,"electric"
"art",1,0,2831,2029,1.08066942028117,"electric"
"auction",1,0,2831,2029,1.08066942028117,"electric"
"avalanche",1,0,2831,2029,1.08066942028117,"electric"
"avenue",1,0,2831,2029,1.08066942028117,"electric"
"awareness",1,0,2831,2029,1.08066942028117,"electric"
"back",1,0,2831,2029,1.08066942028117,"electric"
"balloon",1,0,2831,2029,1.08066942028117,"electric"
"band",1,0,2831,2029,1.08066942028117,"electric"
"bassist",1,0,2831,2029,1.08066942028117,"electric"
"bath",1,0,2831,2029,1.08066942028117,"electric"
"beach",1,0,2831,2029,1.08066942028117,"electric"
"beam",1,0,2831,2029,1.08066942028117,"electric"
"beat",1,0,2831,2029,1.08066942028117,"electric"
"bedside",1,0,2831,2029,1.08066942028117,"electric"
"blood",1,0,2831,2029,1.08066942028117,"electric"
"blow-heater",1,0,2831,2029,1.08066942028117,"electric"
"bogie",1,0,2831,2029,1.08066942028117,"electric"
"book",1,0,2831,2029,1.08066942028117,"electric"
"booster",1,0,2831,2029,1.08066942028117,"electric"
"boss",1,0,2831,2029,1.08066942028117,"electric"
"box",1,0,2831,2029,1.08066942028117,"electric"
"breaker",1,0,2831,2029,1.08066942028117,"electric"
"breast",1,0,2831,2029,1.08066942028117,"electric"
"brightness",1,0,2831,2029,1.08066942028117,"electric"
"buggy",1,0,2831,2029,1.08066942028117,"electric"
"butterfly",1,0,2831,2029,1.08066942028117,"electric"
"cannon",1,0,2831,2029,1.08066942028117,"electric"
"capital",1,0,2831,2029,1.08066942028117,"electric"
"card",1,0,2831,2029,1.08066942028117,"electric"
"cart",1,0,2831,2029,1.08066942028117,"electric"
"carver",1,0,2831,2029,1.08066942028117,"electric"
"carving-knife",1,0,2831,2029,1.08066942028117,"electric"
"carving-knive",1,0,2831,2029,1.08066942028117,"electric"
"cattle",1,0,2831,2029,1.08066942028117,"electric"
"chafing-dish",1,0,2831,2029,1.08066942028117,"electric"
"character",1,0,2831,2029,1.08066942028117,"electric"
"city",1,0,2831,2029,1.08066942028117,"electric"
"clipping",1,0,2831,2029,1.08066942028117,"electric"
"coffee-mill",1,0,2831,2029,1.08066942028117,"electric"
"coil",1,0,2831,2029,1.08066942028117,"electric"
"commuter",1,0,2831,2029,1.08066942028117,"electric"
"condensation",1,0,2831,2029,1.08066942028117,"electric"
"context",1,0,2831,2029,1.08066942028117,"electric"
"conversion",1,0,2831,2029,1.08066942028117,"electric"
"corp.",1,0,2831,2029,1.08066942028117,"electric"
"counterpoint",1,0,2831,2029,1.08066942028117,"electric"
"crane",1,0,2831,2029,1.08066942028117,"electric"
"crayon",1,0,2831,2029,1.08066942028117,"electric"
"cutter",1,0,2831,2029,1.08066942028117,"electric"
"cylinder",1,0,2831,2029,1.08066942028117,"electric"
"de-ice",1,0,2831,2029,1.08066942028117,"electric"
"delivery",1,0,2831,2029,1.08066942028117,"electric"
"design",1,0,2831,2029,1.08066942028117,"electric"
"displacement",1,0,2831,2029,1.08066942028117,"electric"
"display",1,0,2831,2029,1.08066942028117,"electric"
"dodgem",1,0,2831,2029,1.08066942028117,"electric"
"doorbell",1,0,2831,2029,1.08066942028117,"electric"
"drill/driver",1,0,2831,2029,1.08066942028117,"electric"
"dustcart",1,0,2831,2029,1.08066942028117,"electric"
"east",1,0,2831,2029,1.08066942028117,"electric"
"element",1,0,2831,2029,1.08066942028117,"electric"
"equivalent",1,0,2831,2029,1.08066942028117,"electric"
"fake-log",1,0,2831,2029,1.08066942028117,"electric"
"family",1,0,2831,2029,1.08066942028117,"electric"
"felling-saw",1,0,2831,2029,1.08066942028117,"electric"
"fibre",1,0,2831,2029,1.08066942028117,"electric"
"final",1,0,2831,2029,1.08066942028117,"electric"
"fireplace",1,0,2831,2029,1.08066942028117,"electric"
"flag",1,0,2831,2029,1.08066942028117,"electric"
"flashlight",1,0,2831,2029,1.08066942028117,"electric"
"flymo",1,0,2831,2029,1.08066942028117,"electric"
"folding",1,0,2831,2029,1.08066942028117,"electric"
"folk",1,0,2831,2029,1.08066942028117,"electric"
"fondue",1,0,2831,2029,1.08066942028117,"electric"
"format",1,0,2831,2029,1.08066942028117,"electric"
"foundation",1,0,2831,2029,1.08066942028117,"electric"
"fountain",1,0,2831,2029,1.08066942028117,"electric"
"fox",1,0,2831,2029,1.08066942028117,"electric"
"fridge",1,0,2831,2029,1.08066942028117,"electric"
"frost",1,0,2831,2029,1.08066942028117,"electric"
"furling",1,0,2831,2029,1.08066942028117,"electric"
"garage",1,0,2831,2029,1.08066942028117,"electric"
"glass",1,0,2831,2029,1.08066942028117,"electric"
"gold",1,0,2831,2029,1.08066942028117,"electric"
"golf",1,0,2831,2029,1.08066942028117,"electric"
"grade",1,0,2831,2029,1.08066942028117,"electric"
"greenhouse",1,0,2831,2029,1.08066942028117,"electric"
"grid",1,0,2831,2029,1.08066942028117,"electric"
"grill",1,0,2831,2029,1.08066942028117,"electric"
"gypsy",1,0,2831,2029,1.08066942028117,"electric"
"hair",1,0,2831,2029,1.08066942028117,"electric"
"haircurler",1,0,2831,2029,1.08066942028117,"electric"
"hammer",1,0,2831,2029,1.08066942028117,"electric"
"hare",1,0,2831,2029,1.08066942028117,"electric"
"heat",1,0,2831,2029,1.08066942028117,"electric"
"help",1,0,2831,2029,1.08066942028117,"electric"
"hollow-bodied",1,0,2831,2029,1.08066942028117,"electric"
"home",1,0,2831,2029,1.08066942028117,"electric"
"hook-up",1,0,2831,2029,1.08066942028117,"electric"
"hoover",1,0,2831,2029,1.08066942028117,"electric"
"hope",1,0,2831,2029,1.08066942028117,"electric"
"imitation",1,0,2831,2029,1.08066942028117,"electric"
"impact",1,0,2831,2029,1.08066942028117,"electric"
"induction",1,0,2831,2029,1.08066942028117,"electric"
"institute",1,0,2831,2029,1.08066942028117,"electric"
"investment",1,0,2831,2029,1.08066942028117,"electric"
"jab",1,0,2831,2029,1.08066942028117,"electric"
"jigsaw",1,0,2831,2029,1.08066942028117,"electric"
"jolt",1,0,2831,2029,1.08066942028117,"electric"
"jug",1,0,2831,2029,1.08066942028117,"electric"
"junction",1,0,2831,2029,1.08066942028117,"electric"
"killing",1,0,2831,2029,1.08066942028117,"electric"
"kiln",1,0,2831,2029,1.08066942028117,"electric"
"knife-fish",1,0,2831,2029,1.08066942028117,"electric"
"laboratory",1,0,2831,2029,1.08066942028117,"electric"
"ladder",1,0,2831,2029,1.08066942028117,"electric"
"lead",1,0,2831,2029,1.08066942028117,"electric"
"leaflet",1,0,2831,2029,1.08066942028117,"electric"
"leakage",1,0,2831,2029,1.08066942028117,"electric"
"lewmar",1,0,2831,2029,1.08066942028117,"electric"
"light-bulb",1,0,2831,2029,1.08066942028117,"electric"
"light-railway",1,0,2831,2029,1.08066942028117,"electric"
"lighter",1,0,2831,2029,1.08066942028117,"electric"
"limo",1,0,2831,2029,1.08066942028117,"electric"
"link",1,0,2831,2029,1.08066942028117,"electric"
"list",1,0,2831,2029,1.08066942028117,"electric"
"lithotripter",1,0,2831,2029,1.08066942028117,"electric"
"mantis",1,0,2831,2029,1.08066942028117,"electric"
"massage",1,0,2831,2029,1.08066942028117,"electric"
"mazda",1,0,2831,2029,1.08066942028117,"electric"
"milking",1,0,2831,2029,1.08066942028117,"electric"
"minigun",1,0,2831,2029,1.08066942028117,"electric"
"mirror",1,0,2831,2029,1.08066942028117,"electric"
"mistress",1,0,2831,2029,1.08066942028117,"electric"
"mix",1,0,2831,2029,1.08066942028117,"electric"
"monorail",1,0,2831,2029,1.08066942028117,"electric"
"muse",1,0,2831,2029,1.08066942028117,"electric"
"newscaster",1,0,2831,2029,1.08066942028117,"electric"
"number",1,0,2831,2029,1.08066942028117,"electric"
"nylon",1,0,2831,2029,1.08066942028117,"electric"
"off-road",1,0,2831,2029,1.08066942028117,"electric"
"offer",1,0,2831,2029,1.08066942028117,"electric"
"official",1,0,2831,2029,1.08066942028117,"electric"
"oil",1,0,2831,2029,1.08066942028117,"electric"
"one-person-operated",1,0,2831,2029,1.08066942028117,"electric"
"overhead",1,0,2831,2029,1.08066942028117,"electric"
"pace",1,0,2831,2029,1.08066942028117,"electric"
"passion",1,0,2831,2029,1.08066942028117,"electric"
"pear",1,0,2831,2029,1.08066942028117,"electric"
"performer",1,0,2831,2029,1.08066942028117,"electric"
"phoenix",1,0,2831,2029,1.08066942028117,"electric"
"plan",1,0,2831,2029,1.08066942028117,"electric"
"plate",1,0,2831,2029,1.08066942028117,"electric"
"playing",1,0,2831,2029,1.08066942028117,"electric"
"pond",1,0,2831,2029,1.08066942028117,"electric"
"pool",1,0,2831,2029,1.08066942028117,"electric"
"portable",1,0,2831,2029,1.08066942028117,"electric"
"portrait",1,0,2831,2029,1.08066942028117,"electric"
"power-drill",1,0,2831,2029,1.08066942028117,"electric"
"present'",1,0,2831,2029,1.08066942028117,"electric"
"printing",1,0,2831,2029,1.08066942028117,"electric"
"probe",1,0,2831,2029,1.08066942028117,"electric"
"production",1,0,2831,2029,1.08066942028117,"electric"
"prune",1,0,2831,2029,1.08066942028117,"electric"
"psychedelia",1,0,2831,2029,1.08066942028117,"electric"
"purifier",1,0,2831,2029,1.08066942028117,"electric"
"push",1,0,2831,2029,1.08066942028117,"electric"
"push-button",1,0,2831,2029,1.08066942028117,"electric"
"pylon",1,0,2831,2029,1.08066942028117,"electric"
"quarrel",1,0,2831,2029,1.08066942028117,"electric"
"racing",1,0,2831,2029,1.08066942028117,"electric"
"radio",1,0,2831,2029,1.08066942028117,"electric"
"railcar",1,0,2831,2029,1.08066942028117,"electric"
"railcoach",1,0,2831,2029,1.08066942028117,"electric"
"rainbow",1,0,2831,2029,1.08066942028117,"electric"
"rear",1,0,2831,2029,1.08066942028117,"electric"
"release",1,0,2831,2029,1.08066942028117,"electric"
"ripple",1,0,2831,2029,1.08066942028117,"electric"
"road-railway",1,0,2831,2029,1.08066942028117,"electric"
"roller",1,0,2831,2029,1.08066942028117,"electric"
"roof",1,0,2831,2029,1.08066942028117,"electric"
"rose",1,0,2831,2029,1.08066942028117,"electric"
"scissors",1,0,2831,2029,1.08066942028117,"electric"
"scooter",1,0,2831,2029,1.08066942028117,"electric"
"scot",1,0,2831,2029,1.08066942028117,"electric"
"sebadoh",1,0,2831,2029,1.08066942028117,"electric"
"selector",1,0,2831,2029,1.08066942028117,"electric"
"sewing",1,0,2831,2029,1.08066942028117,"electric"
"shock-wave",1,0,2831,2029,1.08066942028117,"electric"
"shredder",1,0,2831,2029,1.08066942028117,"electric"
"signing",1,0,2831,2029,1.08066942028117,"electric"
"siren",1,0,2831,2029,1.08066942028117,"electric"
"sitar",1,0,2831,2029,1.08066942028117,"electric"
"sizzle",1,0,2831,2029,1.08066942028117,"electric"
"solo",1,0,2831,2029,1.08066942028117,"electric"
"sorbetière",1,0,2831,2029,1.08066942028117,"electric"
"space",1,0,2831,2029,1.08066942028117,"electric"
"speed",1,0,2831,2029,1.08066942028117,"electric"
"spin-off",1,0,2831,2029,1.08066942028117,"electric"
"stamen",1,0,2831,2029,1.08066942028117,"electric"
"stanchion",1,0,2831,2029,1.08066942028117,"electric"
"stapler",1,0,2831,2029,1.08066942028117,"electric"
"starter",1,0,2831,2029,1.08066942028117,"electric"
"streetcar",1,0,2831,2029,1.08066942028117,"electric"
"stride",1,0,2831,2029,1.08066942028117,"electric"
"stun-gun",1,0,2831,2029,1.08066942028117,"electric"
"stungun",1,0,2831,2029,1.08066942028117,"electric"
"su",1,0,2831,2029,1.08066942028117,"electric"
"suit",1,0,2831,2029,1.08066942028117,"electric"
"sun-roof",1,0,2831,2029,1.08066942028117,"electric"
"sweetmeat",1,0,2831,2029,1.08066942028117,"electric"
"table-lamp",1,0,2831,2029,1.08066942028117,"electric"
"tacker",1,0,2831,2029,1.08066942028117,"electric"
"taxi",1,0,2831,2029,1.08066942028117,"electric"
"tea-maker",1,0,2831,2029,1.08066942028117,"electric"
"teamaker",1,0,2831,2029,1.08066942028117,"electric"
"telekomunikasyon",1,0,2831,2029,1.08066942028117,"electric"
"temper",1,0,2831,2029,1.08066942028117,"electric"
"theater",1,0,2831,2029,1.08066942028117,"electric"
"thermometer",1,0,2831,2029,1.08066942028117,"electric"
"tightness",1,0,2831,2029,1.08066942028117,"electric"
"time-piece",1,0,2831,2029,1.08066942028117,"electric"
"timer",1,0,2831,2029,1.08066942028117,"electric"
"timetable",1,0,2831,2029,1.08066942028117,"electric"
"tin-opener",1,0,2831,2029,1.08066942028117,"electric"
"tower",1,0,2831,2029,1.08066942028117,"electric"
"transducer",1,0,2831,2029,1.08066942028117,"electric"
"transport",1,0,2831,2029,1.08066942028117,"electric"
"traverser",1,0,2831,2029,1.08066942028117,"electric"
"trike",1,0,2831,2029,1.08066942028117,"electric"
"trimmer",1,0,2831,2029,1.08066942028117,"electric"
"trolley",1,0,2831,2029,1.08066942028117,"electric"
"tumble",1,0,2831,2029,1.08066942028117,"electric"
"turmix",1,0,2831,2029,1.08066942028117,"electric"
"two-seater",1,0,2831,2029,1.08066942028117,"electric"
"underwear",1,0,2831,2029,1.08066942028117,"electric"
"valve",1,0,2831,2029,1.08066942028117,"electric"
"van",1,0,2831,2029,1.08066942028117,"electric"
"vaporiser",1,0,2831,2029,1.08066942028117,"electric"
"wallpaper",1,0,2831,2029,1.08066942028117,"electric"
"war",1,0,2831,2029,1.08066942028117,"electric"
"warmth",1,0,2831,2029,1.08066942028117,"electric"
"washer",1,0,2831,2029,1.08066942028117,"electric"
"washing-machine",1,0,2831,2029,1.08066942028117,"electric"
"whisk/mixer",1,0,2831,2029,1.08066942028117,"electric"
"wind",1,0,2831,2029,1.08066942028117,"electric"
"windlass",1,0,2831,2029,1.08066942028117,"electric"
"wireless",1,0,2831,2029,1.08066942028117,"electric"
"woodworking",1,0,2831,2029,1.08066942028117,"electric"
"yacht",1,0,2831,2029,1.08066942028117,"electric"
"yoghurt-maker",1,0,2831,2029,1.08066942028117,"electric"
"zoom",1,0,2831,2029,1.08066942028117,"electric"
"£5",1,0,2831,2029,1.08066942028117,"electric"
"cooking",4,1,2828,2028,1.06646659190948,"electric"
"one",4,1,2828,2028,1.06646659190948,"electric"
"plug",4,1,2828,2028,1.06646659190948,"electric"
"instrument",6,2,2826,2027,0.982093851711219,"electric"
"cabling",2,1,2830,2028,0.0894150783063398,"electric"
"man",2,1,2830,2028,0.0894150783063398,"electric"
"signalling",2,1,2830,2028,0.0894150783063398,"electric"
"sense",3,2,2829,2027,0.00626022464143558,"electric"
"socket",11,7,2821,2022,0.0608361813404071,"electric"
"switch",5,3,2827,2026,0.0599024250400066,"electric"
"corporation",5,2,2827,2027,0.522360124452094,"electric"
"vector",5,2,2827,2027,0.522360124452094,"electric"
"winch",5,2,2827,2027,0.522360124452094,"electric"
"adjustment",3,1,2829,2028,0.490666707339525,"electric"
"board",3,1,2829,2028,0.490666707339525,"electric"
"wall",3,1,2829,2028,0.490666707339525,"electric"
"industry",21,12,2811,2017,0.400673093365683,"electric"
"power",61,39,2771,1990,0.317397548311282,"electric"
"unit",6,3,2826,2026,0.268568891008758,"electric"
"charge",53,37,2779,1992,0.0149530732266592,"electric"
"flex",6,4,2826,2025,0.0125333005464632,"electric"
