"Token","InPattern","InRest","c","d","GStat","Frequency"
",",1,50111,3236,1089556,278.68680196866,"less"
"is",9,17414,3228,1122253,50.6669532757138,"less"
"or",2,5495,3235,1134172,19.0201315197861,"less"
"can",1,3634,3236,1136033,13.9777987476003,"less"
"use",1,1074,3236,1138593,1.86775985108473,"less"
"work",1,1059,3236,1138608,1.8107348969278,"less"
"behaviour",1,431,3236,1139236,0.0437133469378456,"less"
"life",1,551,3236,1139116,0.233753968439228,"less"
"home",1,399,3236,1139268,0.0162891520942722,"less"
"field",1,503,3236,1139164,0.143545902288873,"less"
"school",1,485,3236,1139182,0.114236089400007,"less"
"language",1,364,3236,1139303,0.00111915259583896,"less"
"=",1,368,3236,1139299,0.0019813141630886,"less"
"number",272,805,2965,1138862,2001.8435699171,"more"
"series",99,203,3138,1139464,783.667251087437,"more"
"variety",82,163,3155,1139504,652.774047772446,"more"
"result",98,425,3139,1139242,650.603952199947,"more"
"matter",61,190,3176,1139477,439.564574439839,"more"
"function",65,319,3172,1139348,416.521135032684,"more"
"range",66,388,3171,1139279,401.451789166953,"more"
"set",59,442,3178,1139225,332.637399492872,"more"
"lot",36,61,3201,1139606,295.189976627841,"more"
"form",65,933,3172,1138734,288.418237292356,"more"
"combination",34,115,3203,1139552,239.888093602344,"more"
"measure",35,139,3202,1139528,237.133277709872,"more"
"consequence",33,109,3204,1139558,234.178040913071,"more"
"piece",29,73,3208,1139594,219.153519937284,"more"
"group",43,605,3194,1139062,192.121246046857,"more"
"list",28,125,3209,1139542,183.847199884568,"more"
"source",26,161,3211,1139506,155.380824149027,"more"
"way",41,870,3196,1138797,152.056359343873,"more"
"study",36,594,3201,1139073,150.153705753867,"more"
"sense",29,294,3208,1139373,147.065016772325,"more"
"critique",23,116,3214,1139551,145.965946056232,"more"
"mixture",18,46,3219,1139621,135.511351166056,"more"
"kind",26,281,3211,1139386,128.749425974568,"more"
"member",19,80,3218,1139587,126.675665133735,"more"
"breach",19,82,3218,1139585,125.844025474347,"more"
"period",25,278,3212,1139389,122.47111592382,"more"
"question",29,477,3208,1139190,121.06827550236,"more"
"pair",15,36,3222,1139631,114.481765695831,"more"
"couple",13,16,3224,1139651,112.784590876264,"more"
"quarter",13,23,3224,1139644,105.623829581209,"more"
"handful",11,12,3226,1139655,97.3308538254904,"more"
"process",26,541,3211,1139126,97.2543897360036,"more"
"total",19,239,3218,1139428,88.7043408554012,"more"
"consideration",14,96,3223,1139571,81.012539011284,"more"
"sort",15,129,3222,1139538,80.565131088336,"more"
"feature",15,136,3222,1139531,79.1029079707498,"more"
"theory",20,371,3217,1139296,79.0044870385814,"more"
"notion",16,176,3221,1139491,78.6612753699102,"more"
"means",22,515,3215,1139152,77.5214039239542,"more"
"solution",23,649,3214,1139018,73.2442573023326,"more"
"majority",15,167,3222,1139500,73.405847729506,"more"
"proportion",15,182,3222,1139485,71.015220985778,"more"
"sequence",13,115,3224,1139552,69.138914704353,"more"
"summary",11,69,3226,1139598,65.4305140890305,"more"
"maximum",13,134,3224,1139533,65.465516632915,"more"
"lack",14,179,3223,1139488,64.9179173885508,"more"
"description",13,138,3224,1139529,64.7577390591924,"more"
"length",14,192,3223,1139475,63.098889789653,"more"
"succession",9,41,3228,1139626,58.7178125438784,"more"
"generalization",8,24,3229,1139643,58.0329803325037,"more"
"fragment",10,77,3227,1139590,55.7296292079785,"more"
"part",19,639,3218,1139028,54.5027022441515,"more"
"matrix",17,489,3220,1139178,53.5209100406757,"more"
"collection",9,58,3228,1139609,53.0859517014722,"more"
"conception",9,58,3228,1139609,53.0859517014722,"more"
"review",10,89,3227,1139578,53.0630159724703,"more"
"state",14,322,3223,1139345,49.7525568999531,"more"
"host",7,23,3230,1139644,49.6824567128662,"more"
"history",21,985,3216,1138682,48.0248278123349,"more"
"network",9,84,3228,1139583,46.9641760419474,"more"
"third",12,235,3225,1139432,46.1781166292467,"more"
"version",9,86,3228,1139581,46.572899566899,"more"
"symbol",6,17,3231,1139650,44.1051541856563,"more"
"comparison",10,150,3227,1139517,43.3994343359943,"more"
"diameter",7,46,3230,1139621,41.035822273235,"more"
"plot",6,24,3231,1139643,40.5230104747788,"more"
"knowledge",12,373,3225,1139294,36.0910193702441,"more"
"method",12,361,3225,1139306,36.795430099824,"more"
"minimum",7,77,3230,1139590,34.3960483066597,"more"
"man",12,404,3225,1139263,34.3792284487228,"more"
"verdict",5,19,3232,1139648,34.2186019303603,"more"
"keeper",5,20,3232,1139647,33.7676681791341,"more"
"modification",5,21,3232,1139646,33.3367547940381,"more"
"picture",7,87,3230,1139580,32.8124362435202,"more"
"body",9,198,3228,1139469,32.7035787813302,"more"
"precondition",4,7,3233,1139660,32.5574364324943,"more"
"taxonomy",4,7,3233,1139660,32.5574364324943,"more"
"survey",7,90,3230,1139577,32.3726357265515,"more"
"minority",6,51,3231,1139616,32.3395200317584,"more"
"loss",8,159,3229,1139508,30.5590634091888,"more"
"bit",5,28,3232,1139639,30.76143338629,"more"
"plea",4,11,3233,1139656,29.6032427142606,"more"
"plurality",4,11,3233,1139656,29.6032427142606,"more"
"mode",7,114,3230,1139553,29.3086185603302,"more"
"cause",9,244,3228,1139423,29.2786911223054,"more"
"copy",5,33,3232,1139634,29.2687505718574,"more"
"percentage",6,77,3231,1139590,27.7668657843236,"more"
"denial",4,16,3233,1139651,27.0129290248924,"more"
"requirement",6,83,3231,1139584,26.9326135073332,"more"
"legacy",4,17,3233,1139650,26.5843578058681,"more"
"sign",5,45,3232,1139622,26.4210911730812,"more"
"column",7,149,3230,1139518,25.8557427785223,"more"
"layer",4,19,3233,1139648,25.7923250560769,"more"
"hierarchy",4,19,3233,1139648,25.7923250560769,"more"
"cline",3,4,3234,1139663,25.6648133049181,"more"
"fraction",5,55,3232,1139612,24.5657110766777,"more"
"stage",7,167,3230,1139500,24.3954066876641,"more"
"concept",8,246,3229,1139421,24.2071501465319,"more"
"glimpse",3,6,3234,1139661,23.7796064011469,"more"
"prot„©g„©",2,0,3235,1139667,23.4679552500642,"more"
"weakening",3,7,3234,1139660,23.0252427258349,"more"
"multitude",3,7,3234,1139660,23.0252427258349,"more"
"team",5,69,3232,1139598,22.4647695849425,"more"
"meeting",5,69,3232,1139598,22.4647695849425,"more"
"symptom",4,30,3233,1139637,22.478027447998,"more"
"finder",3,9,3234,1139658,21.7578199853048,"more"
"block",5,77,3232,1139590,21.449097497149,"more"
"dictionary",4,34,3233,1139633,21.55733061194,"more"
"multiplicity",3,12,3234,1139655,20.2587928209695,"more"
"cloud",3,12,3234,1139655,20.2587928209695,"more"
"threat",5,90,3232,1139577,20.0077851903196,"more"
"degree",6,161,3231,1139506,19.6263061102286,"more"
"discussion",7,245,3230,1139422,19.5625640305556,"more"
"continuum",3,14,3234,1139653,19.4382255296661,"more"
"defence",6,164,3231,1139503,19.4257422455011,"more"
"class",8,348,3229,1139319,19.3094105338078,"more"
"stretch",3,15,3234,1139652,19.0676641236354,"more"
"rule",7,257,3230,1139410,18.9702207468241,"more"
"sheet",3,16,3234,1139651,18.7193666599143,"more"
"diagnosis",5,106,3232,1139561,18.5026658568043,"more"
"rotation",4,52,3233,1139615,18.4133042785001,"more"
"characterisation",3,18,3234,1139649,18.0799844351678,"more"
"philosophy",6,187,3231,1139480,18.0074795972084,"more"
"parody",2,2,3235,1139665,17.9341159252103,"more"
"dearth",2,2,3235,1139665,17.9341159252103,"more"
"plethora",2,2,3235,1139665,17.9341159252103,"more"
"sheaf",2,2,3235,1139665,17.9341159252103,"more"
"risk",7,281,3230,1139386,17.8722065281051,"more"
"convention",4,58,3233,1139609,17.6040673532834,"more"
"map",5,122,3232,1139545,17.2175274832132,"more"
"pile",2,3,3235,1139664,16.7548457665387,"more"
"tape-recording",2,3,3235,1139664,16.7548457665387,"more"
"resumption",2,3,3235,1139664,16.7548457665387,"more"
"sample",6,213,3231,1139454,16.615553976729,"more"
"repetition",3,24,3234,1139643,16.501941082425,"more"
"spate",2,4,3235,1139663,15.8524614892912,"more"
"wedge",2,4,3235,1139663,15.8524614892912,"more"
"flock",2,4,3235,1139663,15.8524614892912,"more"
"re-evaluation",2,4,3235,1139663,15.8524614892912,"more"
"relic",2,4,3235,1139663,15.8524614892912,"more"
"system",10,725,3227,1138942,15.6566364981041,"more"
"vote",4,78,3233,1139589,15.4152801377433,"more"
"register",4,81,3233,1139586,15.1377070280776,"more"
"web",2,5,3235,1139662,15.1205263455841,"more"
"plume",2,5,3235,1139662,15.1205263455841,"more"
"reformulation",2,5,3235,1139662,15.1205263455841,"more"
"bunch",2,5,3235,1139662,15.1205263455841,"more"
"structure",7,356,3230,1139311,15.0209829988957,"more"
"decline",4,84,3233,1139583,14.8705983252243,"more"
"view",8,494,3229,1139173,14.5841897070814,"more"
"graph",2,6,3235,1139661,14.5046073540839,"more"
"batch",2,6,3235,1139661,14.5046073540839,"more"
"repertoire",2,6,3235,1139661,14.5046073540839,"more"
"cohort",2,6,3235,1139661,14.5046073540839,"more"
"gallery",2,6,3235,1139661,14.5046073540839,"more"
"chance",4,91,3233,1139576,14.2841381745257,"more"
"broadening",2,7,3235,1139660,13.9729271724121,"more"
"movement",5,175,3232,1139492,13.9707578087271,"more"
"model",6,277,3231,1139390,13.8637127348768,"more"
"corpus",2,8,3235,1139659,13.5052593763959,"more"
"crowd",2,8,3235,1139659,13.5052593763959,"more"
"reform",4,103,3233,1139564,13.3811108310592,"more"
"contract",5,192,3232,1139475,13.1523871594614,"more"
"string",2,9,3235,1139658,13.0879120568557,"more"
"photograph",2,9,3235,1139658,13.0879120568557,"more"
"chain",6,299,3231,1139368,13.0806281825393,"more"
"submatrix",3,41,3234,1139626,13.531116600757,"more"
"few",7,417,3230,1139250,13.172094832634,"more"
"relation",6,301,3231,1139366,13.0127444733233,"more"
"code",3,43,3234,1139624,13.2664314147,"more"
"predictor",2,10,3235,1139657,12.7111770335623,"more"
"span",2,10,3235,1139657,12.7111770335623,"more"
"prerequisite",2,10,3235,1139657,12.7111770335623,"more"
"widening",2,10,3235,1139657,12.7111770335623,"more"
"continuation",2,10,3235,1139657,12.7111770335623,"more"
"dose",4,113,3233,1139554,12.7099170271047,"more"
"type",6,318,3231,1139349,12.4560443732723,"more"
"tenth",2,11,3235,1139656,12.3679165831362,"more"
"swing",2,11,3235,1139656,12.3679165831362,"more"
"portion",2,11,3235,1139656,12.3679165831362,"more"
"page",3,51,3234,1139616,12.3195077570201,"more"
"proof",3,51,3234,1139616,12.3195077570201,"more"
"climate",3,53,3234,1139614,12.1064588485388,"more"
"mix",2,13,3235,1139654,11.7614193647161,"more"
"shortage",2,13,3235,1139654,11.7614193647161,"more"
"marker",2,13,3235,1139654,11.7614193647161,"more"
"Óît",1,0,3236,1139667,11.7336694766554,"more"
"m„©lange",1,0,3236,1139667,11.7336694766554,"more"
"sum",3,58,3234,1139609,11.6080210709136,"more"
"condition",4,133,3233,1139534,11.5403884824548,"more"
"morality",3,60,3234,1139607,11.4209504137817,"more"
"realization",2,15,3235,1139652,11.2378326876738,"more"
"word",4,139,3233,1139528,11.2264805891501,"more"
"statement",3,63,3234,1139604,11.1521308806229,"more"
"suspension",2,14,3235,1139653,11.490677343582,"more"
"rate",5,245,3232,1139422,11.0427368039445,"more"
"grasp",2,16,3235,1139651,11.0007053116795,"more"
"drop",2,16,3235,1139651,11.0007053116795,"more"
"duty",3,65,3234,1139602,10.9802137310704,"more"
"factor",4,144,3233,1139523,10.9760199639571,"more"
"change",7,507,3230,1139160,10.9664304048511,"more"
"reflection",2,17,3235,1139650,10.7774911103565,"more"
"derivation",2,17,3235,1139650,10.7774911103565,"more"
"book",5,258,3232,1139409,10.6044431558318,"more"
"college",3,71,3234,1139596,10.4958311491916,"more"
"variant",2,19,3235,1139648,10.3669957334873,"more"
"branch",2,19,3235,1139648,10.3669957334873,"more"
"characteristic",4,159,3233,1139508,10.2785881695731,"more"
"shift",3,74,3234,1139593,10.2695242269203,"more"
"classification",3,74,3234,1139593,10.2695242269203,"more"
"catalogue",2,20,3235,1139647,10.1773490552045,"more"
"flight",2,21,3235,1139646,9.99680366897513,"more"
"habit",2,21,3235,1139646,9.99680366897513,"more"
"variation",4,169,3233,1139498,9.85315496529843,"more"
"band",2,22,3235,1139645,9.82454847017623,"more"
"bailee",2,22,3235,1139645,9.82454847017623,"more"
"mass",4,174,3233,1139493,9.65091327235618,"more"
"search",4,174,3233,1139493,9.65091327235618,"more"
"danger",3,83,3234,1139584,9.64474058880156,"more"
"row",3,86,3234,1139581,9.45239896716287,"more"
"grant",2,25,3235,1139642,9.35087237264709,"more"
"count",3,88,3234,1139579,9.32812245937514,"more"
"value",5,288,3232,1139379,9.6843607388074,"more"
"proliferation",2,23,3235,1139644,9.6598762354814,"more"
"guarantee",2,23,3235,1139644,9.6598762354814,"more"
"fifth",2,23,3235,1139644,9.6598762354814,"more"
"violation",2,23,3235,1139644,9.6598762354814,"more"
"negation",2,27,3235,1139640,9.06564288684338,"more"
"handlist",1,1,3236,1139666,8.96675156128521,"more"
"vat",1,1,3236,1139666,8.96675156128521,"more"
"farrago",1,1,3236,1139666,8.96675156128521,"more"
"counterstructure",1,1,3236,1139666,8.96675156128521,"more"
"sally",1,1,3236,1139666,8.96675156128521,"more"
"parallelepiped",1,1,3236,1139666,8.96675156128521,"more"
"blare",1,1,3236,1139666,8.96675156128521,"more"
"unifier",1,1,3236,1139666,8.96675156128521,"more"
"redesign",1,1,3236,1139666,8.96675156128521,"more"
"pre-condition",1,1,3236,1139666,8.96675156128521,"more"
"captive",1,1,3236,1139666,8.96675156128521,"more"
"pseudo-history",1,1,3236,1139666,8.96675156128521,"more"
"reaffirmation",1,1,3236,1139666,8.96675156128521,"more"
"pick-up",1,1,3236,1139666,8.96675156128521,"more"
"whiff",1,1,3236,1139666,8.96675156128521,"more"
"prefiguration",1,1,3236,1139666,8.96675156128521,"more"
"concert",1,1,3236,1139666,8.96675156128521,"more"
"cask",1,1,3236,1139666,8.96675156128521,"more"
"parcel",1,1,3236,1139666,8.96675156128521,"more"
"reconciliation",1,1,3236,1139666,8.96675156128521,"more"
"reapplication",1,1,3236,1139666,8.96675156128521,"more"
"sub-species",1,1,3236,1139666,8.96675156128521,"more"
"maze",1,1,3236,1139666,8.96675156128521,"more"
"paragon",1,1,3236,1139666,8.96675156128521,"more"
"subcommittee",1,1,3236,1139666,8.96675156128521,"more"
"lessening",1,1,3236,1139666,8.96675156128521,"more"
"coauthor",1,1,3236,1139666,8.96675156128521,"more"
"downpour",1,1,3236,1139666,8.96675156128521,"more"
"tributary",1,1,3236,1139666,8.96675156128521,"more"
"dream-work",1,1,3236,1139666,8.96675156128521,"more"
"loosening",1,1,3236,1139666,8.96675156128521,"more"
"notary",1,1,3236,1139666,8.96675156128521,"more"
"follower",1,1,3236,1139666,8.96675156128521,"more"
"coating",1,1,3236,1139666,8.96675156128521,"more"
"subpopulation",1,1,3236,1139666,8.96675156128521,"more"
"wingspan",1,1,3236,1139666,8.96675156128521,"more"
"cargo",1,1,3236,1139666,8.96675156128521,"more"
"self-undermining",1,1,3236,1139666,8.96675156128521,"more"
"stack",1,1,3236,1139666,8.96675156128521,"more"
"premultiplier",1,1,3236,1139666,8.96675156128521,"more"
"devotee",1,1,3236,1139666,8.96675156128521,"more"
"blossoming",1,1,3236,1139666,8.96675156128521,"more"
"misperception",1,1,3236,1139666,8.96675156128521,"more"
"liveryman",1,1,3236,1139666,8.96675156128521,"more"
"cropping-rate",1,1,3236,1139666,8.96675156128521,"more"
"distribution",4,194,3233,1139473,8.90316398059105,"more"
"representation",3,96,3234,1139571,8.85973782615766,"more"
"course",6,462,3231,1139205,8.82441217718191,"more"
"record",6,463,3231,1139204,8.80429742808007,"more"
"criticism",3,97,3234,1139570,8.80417580712089,"more"
"game",2,29,3235,1139638,8.80090011032689,"more"
"friend",2,31,3235,1139636,8.55399467837309,"more"
"case",9,994,3228,1138673,8.48807104130894,"more"
"beam",2,32,3235,1139635,8.43653837318675,"more"
"package",2,32,3235,1139635,8.43653837318675,"more"
"population",5,336,3232,1139331,8.42706003188283,"more"
"choice",4,209,3233,1139458,8.39819547819489,"more"
"core",2,33,3235,1139634,8.32276023651223,"more"
"curve",3,107,3234,1139560,8.28065138951602,"more"
"programme",3,111,3234,1139556,8.08609113094501,"more"
"capacity",3,105,3234,1139562,8.38095410074,"more"
"travesty",1,2,3236,1139665,7.92592608588792,"more"
"maldistribution",1,2,3236,1139665,7.92592608588792,"more"
"reservation",1,2,3236,1139665,7.92592608588792,"more"
"selector",1,2,3236,1139665,7.92592608588792,"more"
"capitulum",1,2,3236,1139665,7.92592608588792,"more"
"histogram",1,2,3236,1139665,7.92592608588792,"more"
"proboscis",1,2,3236,1139665,7.92592608588792,"more"
"jumble",1,2,3236,1139665,7.92592608588792,"more"
"hail",1,2,3236,1139665,7.92592608588792,"more"
"paralysis",1,2,3236,1139665,7.92592608588792,"more"
"sub-unit",1,2,3236,1139665,7.92592608588792,"more"
"myriad",1,2,3236,1139665,7.92592608588792,"more"
"blurring",1,2,3236,1139665,7.92592608588792,"more"
"reassertion",1,2,3236,1139665,7.92592608588792,"more"
"precipitant",1,2,3236,1139665,7.92592608588792,"more"
"confederate",1,2,3236,1139665,7.92592608588792,"more"
"transcript",1,2,3236,1139665,7.92592608588792,"more"
"flash",1,2,3236,1139665,7.92592608588792,"more"
"compendium",1,2,3236,1139665,7.92592608588792,"more"
"loser",1,2,3236,1139665,7.92592608588792,"more"
"fabrication",1,2,3236,1139665,7.92592608588792,"more"
"conglomeration",1,2,3236,1139665,7.92592608588792,"more"
"slice",1,2,3236,1139665,7.92592608588792,"more"
"capability",1,2,3236,1139665,7.92592608588792,"more"
"load",2,37,3235,1139630,7.90041953642855,"more"
"skeleton",2,40,3235,1139627,7.61341853001721,"more"
"pattern",3,123,3234,1139544,7.54595817387882,"more"
"collision",2,41,3235,1139626,7.52267891293819,"more"
"transformation",3,124,3234,1139543,7.50362353204499,"more"
"tort",3,128,3234,1139539,7.33803582949074,"more"
"restatement",1,3,3236,1139664,7.25200075609958,"more"
"spontaneity",1,3,3236,1139664,7.25200075609958,"more"
"slab",1,3,3236,1139664,7.25200075609958,"more"
"redefinition",1,3,3236,1139664,7.25200075609958,"more"
"solicitor",1,3,3236,1139664,7.25200075609958,"more"
"swarm",1,3,3236,1139664,7.25200075609958,"more"
"severing",1,3,3236,1139664,7.25200075609958,"more"
"reassessment",1,3,3236,1139664,7.25200075609958,"more"
"waning",1,3,3236,1139664,7.25200075609958,"more"
"liquidation",1,3,3236,1139664,7.25200075609958,"more"
"criminalization",1,3,3236,1139664,7.25200075609958,"more"
"staggering",1,3,3236,1139664,7.25200075609958,"more"
"caricature",1,3,3236,1139664,7.25200075609958,"more"
"nodule",1,3,3236,1139664,7.25200075609958,"more"
"celebration",1,3,3236,1139664,7.25200075609958,"more"
"tanner",1,3,3236,1139664,7.25200075609958,"more"
"tangle",1,3,3236,1139664,7.25200075609958,"more"
"tribe",1,3,3236,1139664,7.25200075609958,"more"
"chorus",1,3,3236,1139664,7.25200075609958,"more"
"digest",1,3,3236,1139664,7.25200075609958,"more"
"parting",1,3,3236,1139664,7.25200075609958,"more"
"pinnacle",1,3,3236,1139664,7.25200075609958,"more"
"portrayal",1,3,3236,1139664,7.25200075609958,"more"
"thinker",1,3,3236,1139664,7.25200075609958,"more"
"promoter",1,3,3236,1139664,7.25200075609958,"more"
"wealth",2,46,3235,1139621,7.10103717661983,"more"
"sphere",2,46,3235,1139621,7.10103717661983,"more"
"species",8,921,3229,1138746,7.09467081639228,"more"
"framework",3,122,3234,1139545,7.5886799801902,"more"
"transfer",2,47,3235,1139620,7.02248037884694,"more"
"focus",3,137,3234,1139530,6.98589395708976,"more"
"region",4,260,3233,1139407,6.95526509752679,"more"
"mark",2,48,3235,1139619,6.94566082769469,"more"
"dielectric",2,48,3235,1139619,6.94566082769469,"more"
"gap",2,50,3235,1139617,6.79695673029381,"more"
"mess",1,4,3236,1139663,6.75232849981892,"more"
"forester",1,4,3236,1139663,6.75232849981892,"more"
"monopoly",1,4,3236,1139663,6.75232849981892,"more"
"modality",1,4,3236,1139663,6.75232849981892,"more"
"confession",1,4,3236,1139663,6.75232849981892,"more"
"buyer",1,4,3236,1139663,6.75232849981892,"more"
"supporter",1,4,3236,1139663,6.75232849981892,"more"
"simulacrum",1,4,3236,1139663,6.75232849981892,"more"
"usurpation",1,4,3236,1139663,6.75232849981892,"more"
"truism",1,4,3236,1139663,6.75232849981892,"more"
"constellation",1,4,3236,1139663,6.75232849981892,"more"
"snap",1,4,3236,1139663,6.75232849981892,"more"
"bottle",1,4,3236,1139663,6.75232849981892,"more"
"collage",1,4,3236,1139663,6.75232849981892,"more"
"momentum",1,4,3236,1139663,6.75232849981892,"more"
"chunk",1,4,3236,1139663,6.75232849981892,"more"
"nightmare",1,4,3236,1139663,6.75232849981892,"more"
"glossary",1,4,3236,1139663,6.75232849981892,"more"
"resurgence",1,4,3236,1139663,6.75232849981892,"more"
"jungle",1,4,3236,1139663,6.75232849981892,"more"
"current",4,270,3233,1139397,6.71226769652308,"more"
"ring",2,52,3235,1139615,6.65441123958837,"more"
"continuity",2,53,3235,1139614,6.58530331270801,"more"
"crisis",2,53,3235,1139614,6.58530331270801,"more"
"probability",2,54,3235,1139613,6.51756783880599,"more"
"tube",2,56,3235,1139611,6.38601896681295,"more"
"predominance",1,5,3236,1139662,6.35528905571126,"more"
"clash",1,5,3236,1139662,6.35528905571126,"more"
"reminder",1,5,3236,1139662,6.35528905571126,"more"
"hectare",1,5,3236,1139662,6.35528905571126,"more"
"reformer",1,5,3236,1139662,6.35528905571126,"more"
"bubble",1,5,3236,1139662,6.35528905571126,"more"
"writ",1,5,3236,1139662,6.35528905571126,"more"
"degeneration",1,5,3236,1139662,6.35528905571126,"more"
"measurement",2,58,3235,1139609,6.25939926078363,"more"
"recognition",2,58,3235,1139609,6.25939926078363,"more"
"situation",4,292,3233,1139375,6.21470860671358,"more"
"singularity",3,163,3234,1139504,6.10098763349067,"more"
"girl",2,61,3235,1139606,6.07800145881064,"more"
"clarification",1,6,3236,1139661,6.02606593773139,"more"
"dropping",1,6,3236,1139661,6.02606593773139,"more"
"knight",1,6,3236,1139661,6.02606593773139,"more"
"lawyer",1,6,3236,1139661,6.02606593773139,"more"
"self-consciousness",1,6,3236,1139661,6.02606593773139,"more"
"smell",1,6,3236,1139661,6.02606593773139,"more"
"rotor",1,6,3236,1139661,6.02606593773139,"more"
"by-product",1,6,3236,1139661,6.02606593773139,"more"
"monograph",1,6,3236,1139661,6.02606593773139,"more"
"counterexample",1,6,3236,1139661,6.02606593773139,"more"
"bundle",1,6,3236,1139661,6.02606593773139,"more"
"product",3,168,3234,1139499,5.94966929457859,"more"
"note",3,168,3234,1139499,5.94966929457859,"more"
"policy",4,305,3233,1139362,5.94223113195742,"more"
"problem",6,641,3231,1139026,5.93043432966868,"more"
"fear",2,64,3235,1139603,5.90598237279911,"more"
"biography",1,7,3236,1139660,5.74504265109665,"more"
"thread",1,7,3236,1139660,5.74504265109665,"more"
"turnover",1,7,3236,1139660,5.74504265109665,"more"
"creature",1,7,3236,1139660,5.74504265109665,"more"
"landlord",1,7,3236,1139660,5.74504265109665,"more"
"receipt",1,7,3236,1139660,5.74504265109665,"more"
"vassal",1,7,3236,1139660,5.74504265109665,"more"
"theorization",1,7,3236,1139660,5.74504265109665,"more"
"storm",1,7,3236,1139660,5.74504265109665,"more"
"prolongation",1,7,3236,1139660,5.74504265109665,"more"
"canon",1,7,3236,1139660,5.74504265109665,"more"
"table",4,319,3233,1139348,5.66481875734726,"more"
"ratio",2,69,3235,1139598,5.63787567069106,"more"
"doctor",2,69,3235,1139598,5.63787567069106,"more"
"rainfall",1,8,3236,1139659,5.50005834821169,"more"
"segregation",1,8,3236,1139659,5.50005834821169,"more"
"privilege",1,8,3236,1139659,5.50005834821169,"more"
"lambda-matrix",1,8,3236,1139659,5.50005834821169,"more"
"grasping",1,8,3236,1139659,5.50005834821169,"more"
"pulse",1,8,3236,1139659,5.50005834821169,"more"
"scarcity",1,8,3236,1139659,5.50005834821169,"more"
"misunderstanding",1,8,3236,1139659,5.50005834821169,"more"
"ray",1,8,3236,1139659,5.50005834821169,"more"
"horror",1,8,3236,1139659,5.50005834821169,"more"
"right",4,333,3233,1139334,5.40263968381156,"more"
"pioneer",1,9,3236,1139658,5.28304745199392,"more"
"cup",1,9,3236,1139658,5.28304745199392,"more"
"milieu",1,9,3236,1139658,5.28304745199392,"more"
"declaration",1,9,3236,1139658,5.28304745199392,"more"
"width",1,9,3236,1139658,5.28304745199392,"more"
"frond",1,9,3236,1139658,5.28304745199392,"more"
"distrust",1,9,3236,1139658,5.28304745199392,"more"
"simplification",1,9,3236,1139658,5.28304745199392,"more"
"room",2,77,3235,1139590,5.25035019085908,"more"
"test",3,196,3234,1139471,5.19104456159847,"more"
"revolution",2,79,3235,1139588,5.16041243299376,"more"
"tide",1,10,3236,1139657,5.08838363034533,"more"
"consolidation",1,10,3236,1139657,5.08838363034533,"more"
"burst",1,10,3236,1139657,5.08838363034533,"more"
"deficiency",1,10,3236,1139657,5.08838363034533,"more"
"token",1,10,3236,1139657,5.08838363034533,"more"
"projection",1,10,3236,1139657,5.08838363034533,"more"
"descriptor",1,10,3236,1139657,5.08838363034533,"more"
"lowering",1,10,3236,1139657,5.08838363034533,"more"
"median",1,10,3236,1139657,5.08838363034533,"more"
"generation",2,81,3235,1139586,5.07297586681483,"more"
"theorem",2,82,3235,1139585,5.03015750940071,"more"
"complication",1,11,3236,1139656,4.91198503564253,"more"
"romanticism",1,11,3236,1139656,4.91198503564253,"more"
"sketch",1,11,3236,1139656,4.91198503564253,"more"
"deposit",1,11,3236,1139656,4.91198503564253,"more"
"colleague",1,11,3236,1139656,4.91198503564253,"more"
"subgroup",1,11,3236,1139656,4.91198503564253,"more"
"checklist",1,11,3236,1139656,4.91198503564253,"more"
"dissolution",1,11,3236,1139656,4.91198503564253,"more"
"minor",2,86,3235,1139581,4.86455665924662,"more"
"supplement",1,12,3236,1139655,4.75079579162111,"more"
"regimen",1,12,3236,1139655,4.75079579162111,"more"
"prerogative",1,12,3236,1139655,4.75079579162111,"more"
"b-tree",1,12,3236,1139655,4.75079579162111,"more"
"questioning",1,12,3236,1139655,4.75079579162111,"more"
"victim",2,90,3235,1139577,4.70742150191296,"more"
"category",2,90,3235,1139577,4.70742150191296,"more"
"moment",2,91,3235,1139576,4.66937298348856,"more"
"diversity",2,91,3235,1139576,4.66937298348856,"more"
"unity",2,96,3235,1139571,4.48602306236474,"more"
"scheme",2,100,3235,1139567,4.34705757407041,"more"
"gradient",1,15,3236,1139652,4.33739902731363,"more"
"channel",1,15,3236,1139652,4.33739902731363,"more"
"rearrangement",1,15,3236,1139652,4.33739902731363,"more"
"flag",1,15,3236,1139652,4.33739902731363,"more"
"revival",1,16,3236,1139651,4.21798840143823,"more"
"deconstruction",1,16,3236,1139651,4.21798840143823,"more"
"rejection",1,16,3236,1139651,4.21798840143823,"more"
"corollary",1,16,3236,1139651,4.21798840143823,"more"
"consisted",1,16,3236,1139651,4.21798840143823,"more"
"journal",1,16,3236,1139651,4.21798840143823,"more"
"switch",1,16,3236,1139651,4.21798840143823,"more"
"demonstration",1,16,3236,1139651,4.21798840143823,"more"
"phase",2,104,3235,1139563,4.21437160167536,"more"
"commonplace",1,17,3236,1139650,4.10594428783844,"more"
"culture",3,248,3234,1139419,4.08345822411144,"more"
"topic",3,248,3234,1139419,4.08345822411144,"more"
"mood",1,13,3236,1139654,4.6024684219566,"more"
"priest",1,13,3236,1139654,4.6024684219566,"more"
"composite",1,13,3236,1139654,4.6024684219566,"more"
"diary",1,13,3236,1139654,4.6024684219566,"more"
"resident",1,13,3236,1139654,4.6024684219566,"more"
"trigger",1,13,3236,1139654,4.6024684219566,"more"
"tradition",2,109,3235,1139558,4.05663408592806,"more"
"distortion",1,14,3236,1139653,4.4651604250819,"more"
"zone",1,14,3236,1139653,4.4651604250819,"more"
"promise",1,14,3236,1139653,4.4651604250819,"more"
"stimulation",1,14,3236,1139653,4.4651604250819,"more"
"ministry",1,14,3236,1139653,4.4651604250819,"more"
"redistribution",1,18,3236,1139649,4.00044684190167,"more"
"log",1,18,3236,1139649,4.00044684190167,"more"
"vehicle",1,18,3236,1139649,4.00044684190167,"more"
"corner",1,18,3236,1139649,4.00044684190167,"more"
"figure",3,256,3234,1139411,3.93943963574323,"more"
"circle",1,19,3236,1139648,3.90080592866195,"more"
"spirit",1,19,3236,1139648,3.90080592866195,"more"
"wait",1,19,3236,1139648,3.90080592866195,"more"
"withdrawal",1,19,3236,1139648,3.90080592866195,"more"
"mate",1,20,3236,1139647,3.80643512206741,"more"
"concordance",1,20,3236,1139647,3.80643512206741,"more"
"vocabulary",1,20,3236,1139647,3.80643512206741,"more"
"textbook",1,20,3236,1139647,3.80643512206741,"more"
"flowering",1,20,3236,1139647,3.80643512206741,"more"
"reading",2,120,3235,1139547,3.73774966340055,"more"
"sacrifice",1,21,3236,1139646,3.71683190695565,"more"
"regeneration",1,21,3236,1139646,3.71683190695565,"more"
"family",3,272,3234,1139395,3.66844222834266,"more"
"brother",1,22,3236,1139645,3.63156239717676,"more"
"pursuit",1,22,3236,1139645,3.63156239717676,"more"
"pupil",1,23,3236,1139644,3.55024937476216,"more"
"deterioration",1,23,3236,1139644,3.55024937476216,"more"
"solenoid",1,23,3236,1139644,3.55024937476216,"more"
"panel",1,23,3236,1139644,3.55024937476216,"more"
"place",4,466,3233,1139201,3.48169705752467,"more"
"century",3,284,3234,1139383,3.47882153710423,"more"
"rise",2,133,3235,1139534,3.40325012106385,"more"
"return",2,133,3235,1139534,3.40325012106385,"more"
"bed",1,25,3236,1139642,3.39821241293447,"more"
"window",1,25,3236,1139642,3.39821241293447,"more"
"discontinuity",1,25,3236,1139642,3.39821241293447,"more"
"trace",1,25,3236,1139642,3.39821241293447,"more"
"benefit",2,135,3235,1139532,3.35532813473303,"more"
"paraphrase",1,26,3236,1139641,3.32694129087203,"more"
"film",1,26,3236,1139641,3.32694129087203,"more"
"touch",1,26,3236,1139641,3.32694129087203,"more"
"position",3,296,3234,1139371,3.29981112273614,"more"
"year",3,302,3234,1139365,3.21401855442413,"more"
"section",4,492,3233,1139175,3.19652306918067,"more"
"tree",2,142,3235,1139525,3.19425391387515,"more"
"politics",2,142,3235,1139525,3.19425391387515,"more"
"covering",1,28,3236,1139639,3.19274838656301,"more"
"coefficient",1,28,3236,1139639,3.19274838656301,"more"
"release",1,28,3236,1139639,3.19274838656301,"more"
"library",1,29,3236,1139638,3.12944014157758,"more"
"quantity",1,30,3236,1139637,3.06843207512982,"more"
"refusal",1,30,3236,1139637,3.06843207512982,"more"
"level",3,313,3234,1139354,3.06275923552973,"more"
"square",2,127,3235,1139540,3.5524736238907,"more"
"convenience",1,27,3236,1139640,3.2585212090214,"more"
"revision",1,27,3236,1139640,3.2585212090214,"more"
"coalition",2,150,3235,1139517,3.02186796520937,"more"
"burden",1,31,3236,1139636,3.00957570852062,"more"
"convergence",1,31,3236,1139636,3.00957570852062,"more"
"wall",1,31,3236,1139636,3.00957570852062,"more"
"displacement",1,24,3236,1139643,3.472562833848,"more"
"profile",1,24,3236,1139643,3.472562833848,"more"
"polynomial",1,24,3236,1139643,3.472562833848,"more"
"removal",1,24,3236,1139643,3.472562833848,"more"
"marxism",2,151,3235,1139516,3.00113464805065,"more"
"label",1,33,3236,1139634,2.89779211957964,"more"
"feeling",1,33,3236,1139634,2.89779211957964,"more"
"norm",1,33,3236,1139634,2.89779211957964,"more"
"screen",1,33,3236,1139634,2.89779211957964,"more"
"disturbance",1,33,3236,1139634,2.89779211957964,"more"
"restriction",1,34,3236,1139633,2.84463107775875,"more"
"display",1,34,3236,1139633,2.84463107775875,"more"
"suggestion",1,34,3236,1139633,2.84463107775875,"more"
"neighbour",1,34,3236,1139633,2.84463107775875,"more"
"definition",2,159,3235,1139508,2.84131725532207,"more"
"possibility",2,161,3235,1139506,2.80296623556252,"more"
"month",1,35,3236,1139632,2.79315141972264,"more"
"fantasy",1,35,3236,1139632,2.79315141972264,"more"
"repeat",1,35,3236,1139632,2.79315141972264,"more"
"cycle",1,35,3236,1139632,2.79315141972264,"more"
"user",2,163,3235,1139504,2.76522496820066,"more"
"citizen",1,36,3236,1139631,2.74325969891966,"more"
"parliament",2,166,3235,1139501,2.70972416395335,"more"
"molecule",1,37,3236,1139630,2.69487004791939,"more"
"radius",1,37,3236,1139630,2.69487004791939,"more"
"mask",1,37,3236,1139630,2.69487004791939,"more"
"bill",1,38,3236,1139629,2.64790338350864,"more"
"syndrome",1,38,3236,1139629,2.64790338350864,"more"
"height",1,38,3236,1139629,2.64790338350864,"more"
"centre",2,170,3235,1139497,2.63772363971284,"more"
"score",1,39,3236,1139628,2.60228670764011,"more"
"presupposition",1,39,3236,1139628,2.60228670764011,"more"
"household",1,39,3236,1139628,2.60228670764011,"more"
"waste",1,40,3236,1139627,2.55795249898748,"more"
"simulation",1,40,3236,1139627,2.55795249898748,"more"
"representative",1,42,3236,1139625,2.47288564252845,"more"
"theme",1,45,3236,1139622,2.35347632076929,"more"
"spring",1,45,3236,1139622,2.35347632076929,"more"
"decade",1,45,3236,1139622,2.35347632076929,"more"
"plate",1,45,3236,1139622,2.35347632076929,"more"
"formulation",1,46,3236,1139621,2.31566566573498,"more"
"problematic",1,47,3236,1139620,2.27878029887684,"more"
"conviction",1,47,3236,1139620,2.27878029887684,"more"
"bird",1,48,3236,1139619,2.24278165867336,"more"
"database",1,48,3236,1139619,2.24278165867336,"more"
"consciousness",1,49,3236,1139618,2.20763354370423,"more"
"doctrine",1,49,3236,1139618,2.20763354370423,"more"
"drawing",1,49,3236,1139618,2.20763354370423,"more"
"charge",2,198,3235,1139469,2.18991173146201,"more"
"horizon",1,52,3236,1139615,2.10696193465664,"more"
"hazard",1,52,3236,1139615,2.10696193465664,"more"
"tissue",1,52,3236,1139615,2.10696193465664,"more"
"coil",1,53,3236,1139614,2.07489491165903,"more"
"night",1,53,3236,1139614,2.07489491165903,"more"
"unit",2,207,3235,1139460,2.06400783278018,"more"
"student",1,54,3236,1139613,2.04352682807227,"more"
"nuisance",1,43,3236,1139624,2.4320408369734,"more"
"strategy",1,56,3236,1139611,1.98278715993522,"more"
"parent",1,56,3236,1139611,1.98278715993522,"more"
"space-time",1,56,3236,1139611,1.98278715993522,"more"
"presentation",1,56,3236,1139611,1.98278715993522,"more"
"liquid",1,58,3236,1139609,1.92455534881833,"more"
"logic",1,58,3236,1139609,1.92455534881833,"more"
"hearer",1,58,3236,1139609,1.92455534881833,"more"
"share",1,59,3236,1139608,1.89632651646623,"more"
"multiple",1,59,3236,1139608,1.89632651646623,"more"
"letter",1,60,3236,1139607,1.86866273993828,"more"
"notice",1,61,3236,1139606,1.84154549092756,"more"
"narrative",1,63,3236,1139604,1.78888088835194,"more"
"balance",1,63,3236,1139604,1.78888088835194,"more"
"background",1,65,3236,1139602,1.73820141722373,"more"
"point",4,673,3233,1138994,1.72508462431778,"more"
"plan",1,66,3236,1139601,1.71356835763175,"more"
"candidate",1,67,3236,1139600,1.68938763849005,"more"
"limit",1,68,3236,1139599,1.66564595385671,"more"
"marriage",1,72,3236,1139595,1.57482302518373,"more"
"temperature",2,249,3235,1139418,1.56645961410319,"more"
"conflict",1,75,3236,1139592,1.51074311098065,"more"
"file",3,499,3234,1139168,1.32949816081875,"more"
"reduction",1,87,3236,1139580,1.28378158839103,"more"
"drug",1,90,3236,1139577,1.23337249732011,"more"
"basis",2,286,3235,1139381,1.22417605068612,"more"
"run",1,91,3236,1139576,1.21706528726512,"more"
"reality",1,97,3236,1139570,1.12406491914457,"more"
"motion",1,99,3236,1139568,1.09479662144872,"more"
"cost",1,99,3236,1139568,1.09479662144872,"more"
"space",2,228,3235,1139439,1.7983422835882,"more"
"mean",2,228,3235,1139439,1.7983422835882,"more"
"distance",1,101,3236,1139566,1.06633658740142,"more"
"writer",1,102,3236,1139565,1.05239973931016,"more"
"style",1,104,3236,1139563,1.02509352606527,"more"
"finding",1,94,3236,1139573,1.1695567338002,"more"
"concentration",1,95,3236,1139572,1.1541749877521,"more"
"name",1,95,3236,1139572,1.1541749877521,"more"
"title",1,107,3236,1139560,0.985499540392079,"more"
"council",1,107,3236,1139560,0.985499540392079,"more"
"city",1,107,3236,1139560,0.985499540392079,"more"
"examination",1,108,3236,1139559,0.972652096495827,"more"
"power",2,321,3235,1139346,0.962366763329095,"more"
"wave",1,110,3236,1139557,0.947463838867326,"more"
"thing",1,110,3236,1139557,0.947463838867326,"more"
"flow",1,110,3236,1139557,0.947463838867326,"more"
"conversion",1,114,3236,1139553,0.899030211443745,"more"
"scale",1,116,3236,1139551,0.875739846954198,"more"
"sea",1,116,3236,1139551,0.875739846954198,"more"
"committee",1,119,3236,1139548,0.841903512399776,"more"
"boundary",1,119,3236,1139548,0.841903512399776,"more"
"cylinder",1,123,3236,1139544,0.798739194732196,"more"
"frequency",1,125,3236,1139542,0.777952658606741,"more"
"response",1,263,3236,1139404,0.0771574448552937,"more"
"crime",3,608,3234,1139059,0.765343097221352,"more"
"complex",1,267,3236,1139400,0.0697134993970085,"more"
"quality",1,134,3236,1139533,0.690478127411591,"more"
"context",2,372,3235,1139295,0.663467227548792,"more"
"difference",1,269,3236,1139398,0.0661601076974055,"more"
"polymer",2,374,3235,1139293,0.653418567165769,"more"
"failure",1,139,3236,1139528,0.645834413958006,"more"
"world",2,383,3235,1139284,0.609590660865477,"more"
"speaker",1,274,3236,1139393,0.0577550956311901,"more"
"material",1,276,3236,1139391,0.0545803024584786,"more"
"development",1,327,3236,1139340,0.00531298324155247,"more"
"time",5,1254,3232,1138413,0.514360641652624,"more"
"relationship",1,279,3236,1139388,0.0500138873704359,"more"
"line",1,279,3236,1139388,0.0500138873704359,"more"
"paper",1,160,3236,1139507,0.484477183998501,"more"
"surface",1,165,3236,1139502,0.451480548054646,"more"
"decision",1,167,3236,1139500,0.438799422718605,"more"
"standard",1,170,3236,1139497,0.420310354090366,"more"
"party",2,694,3235,1138973,0.000418668408440126,"more"
"head",1,176,3236,1139491,0.385168989635248,"more"
"person",2,447,3235,1139220,0.355938225644933,"more"
"court",1,186,3236,1139481,0.331665027100287,"more"
"half",1,189,3236,1139478,0.316764590447447,"more"
"community",1,296,3236,1139371,0.0283518878857896,"more"
"density",1,200,3236,1139467,0.266303382372821,"more"
"selection",1,201,3236,1139466,0.262024893845892,"more"
"relative",1,207,3236,1139460,0.237371771531544,"more"
"reader",1,209,3236,1139458,0.229530611903331,"more"
"fossil",1,214,3236,1139453,0.210717805396399,"more"
"principle",1,231,3236,1139436,0.154599756451791,"more"
"success",1,234,3236,1139433,0.145864169067395,"more"
"forest",1,240,3236,1139427,0.129366986001331,"more"
"house",1,244,3236,1139423,0.119064530296152,"more"
"key",1,244,3236,1139423,0.119064530296152,"more"
"society",1,315,3236,1139352,0.0119029879969501,"more"
"force",1,246,3236,1139421,0.114115183378904,"more"
"text",1,311,3236,1139356,0.014732255714426,"more"
"disorder",1,106,3236,1139561,0.9985200673098,"more"
"subject",2,366,3235,1139301,0.6943083420529,"more"
